"production_month","lot_id","die_id","parameter","parameter_display","candidate_limit","simulated_yield","safety_status","eligible","in_policy_gate_set","ml_score","ml_rank","is_current","is_selected","model_used","decision"
"2026-01","DTL_NORM_001","DTL_NORM_001_D001","ir_drop","IR_DROP_MV",50,1,"PASS",true,true,0.8410208225250244,1,false,true,"core_gru_temporal_v1","RECOMMEND"
"2026-01","DTL_NORM_001","DTL_NORM_001_D001","ir_drop","IR_DROP_MV",55,1,"PASS",true,true,0.8403281569480896,2,false,false,"core_gru_temporal_v1","RECOMMEND"
"2026-01","DTL_NORM_001","DTL_NORM_001_D001","ir_drop","IR_DROP_MV",45,1,"PASS",true,true,0.8395354747772217,3,false,false,"core_gru_temporal_v1","RECOMMEND"
"2026-01","DTL_NORM_001","DTL_NORM_001_D001","ir_drop","IR_DROP_MV",60,1,"PASS",true,true,0.8388528823852539,4,false,false,"core_gru_temporal_v1","RECOMMEND"
"2026-01","DTL_NORM_001","DTL_NORM_001_D001","ir_drop","IR_DROP_MV",65,1,"PASS",true,true,0.8374393582344055,5,false,false,"core_gru_temporal_v1","RECOMMEND"
"2026-01","DTL_NORM_001","DTL_NORM_001_D001","ir_drop","IR_DROP_MV",25,0.375,"PASS",true,true,0.16137734055519104,15,true,false,"core_gru_temporal_v1","RECOMMEND"
"2026-01","DTL_NORM_001","DTL_NORM_001_D001","ir_drop","IR_DROP_MV",70,,"NOT_IN_GATE_SET",false,false,0.8368767499923706,6,false,false,"core_gru_temporal_v1","RECOMMEND"
"2026-01","DTL_NORM_001","DTL_NORM_001_D001","ir_drop","IR_DROP_MV",72,,"NOT_IN_GATE_SET",false,false,0.8368143439292908,7,false,false,"core_gru_temporal_v1","RECOMMEND"
"2026-01","DTL_NORM_001","DTL_NORM_001_D001","ir_drop","IR_DROP_MV",40,,"NOT_IN_GATE_SET",false,false,0.834644079208374,8,false,false,"core_gru_temporal_v1","RECOMMEND"
"2026-01","DTL_NORM_001","DTL_NORM_001_D001","ir_drop","IR_DROP_MV",35,,"NOT_IN_GATE_SET",false,false,0.8104486465454102,9,false,false,"core_gru_temporal_v1","RECOMMEND"
"2026-01","DTL_NORM_001","DTL_NORM_001_D001","ir_drop","IR_DROP_MV",30,,"NOT_IN_GATE_SET",false,false,0.6900633573532104,10,false,false,"core_gru_temporal_v1","RECOMMEND"
"2026-01","DTL_NORM_001","DTL_NORM_001_D001","ir_drop","IR_DROP_MV",29,,"NOT_IN_GATE_SET",false,false,0.6190347075462341,11,false,false,"core_gru_temporal_v1","RECOMMEND"
"2026-01","DTL_NORM_001","DTL_NORM_001_D001","ir_drop","IR_DROP_MV",28,,"NOT_IN_GATE_SET",false,false,0.5033437609672546,12,false,false,"core_gru_temporal_v1","RECOMMEND"
"2026-01","DTL_NORM_001","DTL_NORM_001_D001","ir_drop","IR_DROP_MV",27,,"NOT_IN_GATE_SET",false,false,0.3915749490261078,13,false,false,"core_gru_temporal_v1","RECOMMEND"
"2026-01","DTL_NORM_001","DTL_NORM_001_D001","ir_drop","IR_DROP_MV",26,,"NOT_IN_GATE_SET",false,false,0.2957426905632019,14,false,false,"core_gru_temporal_v1","RECOMMEND"
"2026-01","DTL_NORM_001","DTL_NORM_001_D001","ir_drop","IR_DROP_MV",24,,"NOT_IN_GATE_SET",false,false,0.034714773297309875,16,false,false,"core_gru_temporal_v1","RECOMMEND"
"2026-01","DTL_NORM_001","DTL_NORM_001_D001","ir_drop","IR_DROP_MV",23,,"NOT_IN_GATE_SET",false,false,-0.004581587389111519,17,false,false,"core_gru_temporal_v1","RECOMMEND"
"2026-01","DTL_NORM_001","DTL_NORM_001_D001","ir_drop","IR_DROP_MV",22,,"NOT_IN_GATE_SET",false,false,-0.022813113406300545,18,false,false,"core_gru_temporal_v1","RECOMMEND"
"2026-01","DTL_NORM_001","DTL_NORM_001_D001","ir_drop","IR_DROP_MV",21,,"NOT_IN_GATE_SET",false,false,-0.03626110404729843,19,false,false,"core_gru_temporal_v1","RECOMMEND"
"2026-01","DTL_NORM_001","DTL_NORM_001_D001","ir_drop","IR_DROP_MV",20,,"NOT_IN_GATE_SET",false,false,-0.041761331260204315,20,false,false,"core_gru_temporal_v1","RECOMMEND"
"2026-01","DTL_NORM_001","DTL_NORM_001_D001","thermal","THERMAL_C",92,1,"PASS",true,true,0.9386199116706848,1,false,true,"core_gru_temporal_v1","RECOMMEND"
"2026-01","DTL_NORM_001","DTL_NORM_001_D001","thermal","THERMAL_C",90,1,"PASS",true,true,0.9359836578369141,2,false,false,"core_gru_temporal_v1","RECOMMEND"
"2026-01","DTL_NORM_001","DTL_NORM_001_D001","thermal","THERMAL_C",85,1,"PASS",true,true,0.9268972873687744,3,false,false,"core_gru_temporal_v1","RECOMMEND"
"2026-01","DTL_NORM_001","DTL_NORM_001_D001","thermal","THERMAL_C",80,1,"PASS",true,true,0.913115918636322,4,false,false,"core_gru_temporal_v1","RECOMMEND"
"2026-01","DTL_NORM_001","DTL_NORM_001_D001","thermal","THERMAL_C",75,1,"PASS",true,true,0.8917725682258606,5,false,false,"core_gru_temporal_v1","RECOMMEND"
"2026-01","DTL_NORM_001","DTL_NORM_001_D001","thermal","THERMAL_C",60,0.875,"PASS",true,true,0.26678454875946045,12,true,false,"core_gru_temporal_v1","RECOMMEND"
"2026-01","DTL_NORM_001","DTL_NORM_001_D001","thermal","THERMAL_C",70,,"NOT_IN_GATE_SET",false,false,0.8612607717514038,6,false,false,"core_gru_temporal_v1","RECOMMEND"
"2026-01","DTL_NORM_001","DTL_NORM_001_D001","thermal","THERMAL_C",65,,"NOT_IN_GATE_SET",false,false,0.8022480010986328,7,false,false,"core_gru_temporal_v1","RECOMMEND"
"2026-01","DTL_NORM_001","DTL_NORM_001_D001","thermal","THERMAL_C",64,,"NOT_IN_GATE_SET",false,false,0.7747615575790405,8,false,false,"core_gru_temporal_v1","RECOMMEND"
"2026-01","DTL_NORM_001","DTL_NORM_001_D001","thermal","THERMAL_C",63,,"NOT_IN_GATE_SET",false,false,0.7160631418228149,9,false,false,"core_gru_temporal_v1","RECOMMEND"
"2026-01","DTL_NORM_001","DTL_NORM_001_D001","thermal","THERMAL_C",62,,"NOT_IN_GATE_SET",false,false,0.6243354082107544,10,false,false,"core_gru_temporal_v1","RECOMMEND"
"2026-01","DTL_NORM_001","DTL_NORM_001_D001","thermal","THERMAL_C",61,,"NOT_IN_GATE_SET",false,false,0.5079044103622437,11,false,false,"core_gru_temporal_v1","RECOMMEND"
"2026-01","DTL_NORM_001","DTL_NORM_001_D001","thermal","THERMAL_C",58,,"NOT_IN_GATE_SET",false,false,0.07693853974342346,13,false,false,"core_gru_temporal_v1","RECOMMEND"
"2026-01","DTL_NORM_001","DTL_NORM_001_D001","thermal","THERMAL_C",56,,"NOT_IN_GATE_SET",false,false,0.026764722540974617,14,false,false,"core_gru_temporal_v1","RECOMMEND"
"2026-01","DTL_NORM_001","DTL_NORM_001_D001","thermal","THERMAL_C",54,,"NOT_IN_GATE_SET",false,false,-0.0019427631050348282,15,false,false,"core_gru_temporal_v1","RECOMMEND"
"2026-01","DTL_NORM_001","DTL_NORM_001_D001","thermal","THERMAL_C",52,,"NOT_IN_GATE_SET",false,false,-0.017609568312764168,16,false,false,"core_gru_temporal_v1","RECOMMEND"
"2026-01","DTL_NORM_001","DTL_NORM_001_D001","thermal","THERMAL_C",50,,"NOT_IN_GATE_SET",false,false,-0.030457397922873497,17,false,false,"core_gru_temporal_v1","RECOMMEND"
"2026-01","DTL_NORM_001","DTL_NORM_001_D001","VMIN","VMIN",1,0.9166666666666666,"PASS",true,true,0.5213844776153564,1,false,true,"unified_parameter_gru_v1","RECOMMEND"
"2026-01","DTL_NORM_001","DTL_NORM_001_D001","VMIN","VMIN",0.95,0.6666666666666666,"PASS",true,true,0.32231900095939636,2,false,false,"unified_parameter_gru_v1","RECOMMEND"
"2026-01","DTL_NORM_001","DTL_NORM_001_D001","VMIN","VMIN",0.92,0.5,"PASS",true,true,0.193034827709198,3,false,false,"unified_parameter_gru_v1","RECOMMEND"
"2026-01","DTL_NORM_001","DTL_NORM_001_D001","VMIN","VMIN",0.9,0.3333333333333333,"PASS",true,true,0.115396648645401,4,false,false,"unified_parameter_gru_v1","RECOMMEND"
"2026-01","DTL_NORM_001","DTL_NORM_001_D001","VMIN","VMIN",0.88,0.25,"PASS",true,true,0.05341871455311775,5,false,false,"unified_parameter_gru_v1","RECOMMEND"
"2026-01","DTL_NORM_001","DTL_NORM_001_D001","VMIN","VMIN",0.85,0.0833333333333333,"PASS",true,true,0.02724333666265011,6,true,false,"unified_parameter_gru_v1","RECOMMEND"
"2026-01","DTL_NORM_001","DTL_NORM_001_D001","VMIN","VMIN",0.75,,"NOT_IN_GATE_SET",false,false,0.02539895474910736,7,false,false,"unified_parameter_gru_v1","RECOMMEND"
"2026-01","DTL_NORM_001","DTL_NORM_001_D001","VMIN","VMIN",0.78,,"NOT_IN_GATE_SET",false,false,0.021082483232021332,8,false,false,"unified_parameter_gru_v1","RECOMMEND"
"2026-01","DTL_NORM_001","DTL_NORM_001_D001","VMIN","VMIN",0.8,,"NOT_IN_GATE_SET",false,false,0.017184235155582428,9,false,false,"unified_parameter_gru_v1","RECOMMEND"
"2026-01","DTL_NORM_001","DTL_NORM_001_D001","VMIN","VMIN",0.82,,"NOT_IN_GATE_SET",false,false,0.014837630093097687,10,false,false,"unified_parameter_gru_v1","RECOMMEND"
"2026-01","DTL_NORM_001","DTL_NORM_001_D001","VMAX","VMAX",1.05,0.8333333333333334,"PASS",true,true,0.16854286193847656,1,false,true,"unified_parameter_gru_v1","RECOMMEND"
"2026-01","DTL_NORM_001","DTL_NORM_001_D001","VMAX","VMAX",1.08,0.5833333333333334,"PASS",true,true,0.14950427412986755,2,false,false,"unified_parameter_gru_v1","RECOMMEND"
"2026-01","DTL_NORM_001","DTL_NORM_001_D001","VMAX","VMAX",1.1,0.5,"PASS",true,true,0.1276569664478302,3,false,false,"unified_parameter_gru_v1","RECOMMEND"
"2026-01","DTL_NORM_001","DTL_NORM_001_D001","VMAX","VMAX",1.12,0.2916666666666667,"PASS",true,true,0.10753663629293442,4,false,false,"unified_parameter_gru_v1","RECOMMEND"
"2026-01","DTL_NORM_001","DTL_NORM_001_D001","VMAX","VMAX",1.15,0.125,"PASS",true,true,0.03054387867450714,5,true,false,"unified_parameter_gru_v1","RECOMMEND"
"2026-01","DTL_NORM_001","DTL_NORM_001_D001","VMAX","VMAX",1.18,,"NOT_IN_GATE_SET",false,false,0.008904192596673965,6,false,false,"unified_parameter_gru_v1","RECOMMEND"
"2026-01","DTL_NORM_001","DTL_NORM_001_D001","VMAX","VMAX",1.2,,"NOT_IN_GATE_SET",false,false,0.005170166492462158,7,false,false,"unified_parameter_gru_v1","RECOMMEND"
"2026-01","DTL_NORM_001","DTL_NORM_001_D001","VMAX","VMAX",1.22,,"NOT_IN_GATE_SET",false,false,-0.0006448253989219666,8,false,false,"unified_parameter_gru_v1","RECOMMEND"
"2026-01","DTL_NORM_001","DTL_NORM_001_D001","VMAX","VMAX",1.25,,"NOT_IN_GATE_SET",false,false,-0.007954500615596771,9,false,false,"unified_parameter_gru_v1","RECOMMEND"
"2026-01","DTL_NORM_001","DTL_NORM_001_D001","IDDQ","IDDQ",100,1,"PASS",true,true,0.8061591386795044,1,false,true,"unified_parameter_gru_v1","RECOMMEND"
"2026-01","DTL_NORM_001","DTL_NORM_001_D001","IDDQ","IDDQ",80,0.9583333333333334,"PASS",true,true,0.6384957432746887,2,false,false,"unified_parameter_gru_v1","RECOMMEND"
"2026-01","DTL_NORM_001","DTL_NORM_001_D001","IDDQ","IDDQ",70,0.6666666666666666,"PASS",true,true,0.440020352602005,3,false,false,"unified_parameter_gru_v1","RECOMMEND"
"2026-01","DTL_NORM_001","DTL_NORM_001_D001","IDDQ","IDDQ",60,0.3333333333333333,"PASS",true,true,0.14665573835372925,4,false,false,"unified_parameter_gru_v1","RECOMMEND"
"2026-01","DTL_NORM_001","DTL_NORM_001_D001","IDDQ","IDDQ",55,0.25,"PASS",true,true,0.0647420585155487,5,false,false,"unified_parameter_gru_v1","RECOMMEND"
"2026-01","DTL_NORM_001","DTL_NORM_001_D001","IDDQ","IDDQ",50,0.0833333333333333,"PASS",true,true,0.02083805948495865,6,true,false,"unified_parameter_gru_v1","RECOMMEND"
"2026-01","DTL_NORM_001","DTL_NORM_001_D001","IDDQ","IDDQ",30,,"NOT_IN_GATE_SET",false,false,0.010400630533695221,7,false,false,"unified_parameter_gru_v1","RECOMMEND"
"2026-01","DTL_NORM_001","DTL_NORM_001_D001","IDDQ","IDDQ",35,,"NOT_IN_GATE_SET",false,false,0.006715342402458191,8,false,false,"unified_parameter_gru_v1","RECOMMEND"
"2026-01","DTL_NORM_001","DTL_NORM_001_D001","IDDQ","IDDQ",40,,"NOT_IN_GATE_SET",false,false,0.004318535327911377,9,false,false,"unified_parameter_gru_v1","RECOMMEND"
"2026-01","DTL_NORM_001","DTL_NORM_001_D001","IDDQ","IDDQ",45,,"NOT_IN_GATE_SET",false,false,0.0015957430005073547,10,false,false,"unified_parameter_gru_v1","RECOMMEND"
"2026-01","DTL_NORM_001","DTL_NORM_001_D001","SUPPLY_CURRENT","SUPPLY_CURRENT",200,1,"PASS",true,true,1.0268712043762207,1,false,true,"unified_parameter_gru_v1","RECOMMEND"
"2026-01","DTL_NORM_001","DTL_NORM_001_D001","SUPPLY_CURRENT","SUPPLY_CURRENT",170,1,"PASS",true,true,0.9615028500556946,2,false,false,"unified_parameter_gru_v1","RECOMMEND"
"2026-01","DTL_NORM_001","DTL_NORM_001_D001","SUPPLY_CURRENT","SUPPLY_CURRENT",150,1,"PASS",true,true,0.8551769256591797,3,false,false,"unified_parameter_gru_v1","RECOMMEND"
"2026-01","DTL_NORM_001","DTL_NORM_001_D001","SUPPLY_CURRENT","SUPPLY_CURRENT",140,0.9166666666666666,"PASS",true,true,0.6684439182281494,4,false,false,"unified_parameter_gru_v1","RECOMMEND"
"2026-01","DTL_NORM_001","DTL_NORM_001_D001","SUPPLY_CURRENT","SUPPLY_CURRENT",130,0.5416666666666666,"PASS",true,true,0.39962151646614075,5,false,false,"unified_parameter_gru_v1","RECOMMEND"
"2026-01","DTL_NORM_001","DTL_NORM_001_D001","SUPPLY_CURRENT","SUPPLY_CURRENT",120,0.2083333333333333,"PASS",true,true,0.11290077120065689,6,true,false,"unified_parameter_gru_v1","RECOMMEND"
"2026-01","DTL_NORM_001","DTL_NORM_001_D001","SUPPLY_CURRENT","SUPPLY_CURRENT",90,,"NOT_IN_GATE_SET",false,false,-0.01142885535955429,7,false,false,"unified_parameter_gru_v1","RECOMMEND"
"2026-01","DTL_NORM_001","DTL_NORM_001_D001","SUPPLY_CURRENT","SUPPLY_CURRENT",100,,"NOT_IN_GATE_SET",false,false,-0.013246610760688782,8,false,false,"unified_parameter_gru_v1","RECOMMEND"
"2026-01","DTL_NORM_001","DTL_NORM_001_D001","SUPPLY_CURRENT","SUPPLY_CURRENT",110,,"NOT_IN_GATE_SET",false,false,-0.015198331326246262,9,false,false,"unified_parameter_gru_v1","RECOMMEND"
"2026-01","DTL_NORM_001","DTL_NORM_001_D001","CONTACT_RESISTANCE","CONTACT_RESISTANCE",10,1,"PASS",true,true,0.9781398773193359,1,false,true,"unified_parameter_gru_v1","RECOMMEND"
"2026-01","DTL_NORM_001","DTL_NORM_001_D001","CONTACT_RESISTANCE","CONTACT_RESISTANCE",8,1,"PASS",true,true,0.8975681066513062,2,false,false,"unified_parameter_gru_v1","RECOMMEND"
"2026-01","DTL_NORM_001","DTL_NORM_001_D001","CONTACT_RESISTANCE","CONTACT_RESISTANCE",7,0.9166666666666666,"PASS",true,true,0.8107020854949951,3,false,false,"unified_parameter_gru_v1","RECOMMEND"
"2026-01","DTL_NORM_001","DTL_NORM_001_D001","CONTACT_RESISTANCE","CONTACT_RESISTANCE",6,0.625,"PASS",true,true,0.5092677474021912,4,false,false,"unified_parameter_gru_v1","RECOMMEND"
"2026-01","DTL_NORM_001","DTL_NORM_001_D001","CONTACT_RESISTANCE","CONTACT_RESISTANCE",5.5,0.5416666666666666,"PASS",true,true,0.28802114725112915,5,false,false,"unified_parameter_gru_v1","RECOMMEND"
"2026-01","DTL_NORM_001","DTL_NORM_001_D001","CONTACT_RESISTANCE","CONTACT_RESISTANCE",5,0.5,"PASS",true,true,0.12693554162979126,6,true,false,"unified_parameter_gru_v1","RECOMMEND"
"2026-01","DTL_NORM_001","DTL_NORM_001_D001","CONTACT_RESISTANCE","CONTACT_RESISTANCE",3.5,,"NOT_IN_GATE_SET",false,false,0.010229557752609253,7,false,false,"unified_parameter_gru_v1","RECOMMEND"
"2026-01","DTL_NORM_001","DTL_NORM_001_D001","CONTACT_RESISTANCE","CONTACT_RESISTANCE",4,,"NOT_IN_GATE_SET",false,false,0.008362926542758942,8,false,false,"unified_parameter_gru_v1","RECOMMEND"
"2026-01","DTL_NORM_001","DTL_NORM_001_D001","CONTACT_RESISTANCE","CONTACT_RESISTANCE",4.5,,"NOT_IN_GATE_SET",false,false,0.005579948425292969,9,false,false,"unified_parameter_gru_v1","RECOMMEND"
"2026-01","DTL_NORM_001","DTL_NORM_001_D001","INTERCONNECT_RESISTANCE","INTERCONNECT_RESISTANCE",25,1,"PASS",true,true,0.9203916788101196,1,false,true,"unified_parameter_gru_v1","RECOMMEND"
"2026-01","DTL_NORM_001","DTL_NORM_001_D001","INTERCONNECT_RESISTANCE","INTERCONNECT_RESISTANCE",20,0.9583333333333334,"PASS",true,true,0.6976041793823242,2,false,false,"unified_parameter_gru_v1","RECOMMEND"
"2026-01","DTL_NORM_001","DTL_NORM_001_D001","INTERCONNECT_RESISTANCE","INTERCONNECT_RESISTANCE",18,0.8333333333333334,"PASS",true,true,0.5335734486579895,3,false,false,"unified_parameter_gru_v1","RECOMMEND"
"2026-01","DTL_NORM_001","DTL_NORM_001_D001","INTERCONNECT_RESISTANCE","INTERCONNECT_RESISTANCE",16,0.5416666666666666,"PASS",true,true,0.2442757785320282,4,false,false,"unified_parameter_gru_v1","RECOMMEND"
"2026-01","DTL_NORM_001","DTL_NORM_001_D001","INTERCONNECT_RESISTANCE","INTERCONNECT_RESISTANCE",15,0.4166666666666667,"PASS",true,true,0.13188838958740234,5,true,false,"unified_parameter_gru_v1","RECOMMEND"
"2026-01","DTL_NORM_001","DTL_NORM_001_D001","INTERCONNECT_RESISTANCE","INTERCONNECT_RESISTANCE",14,,"NOT_IN_GATE_SET",false,false,0.005987919867038727,6,false,false,"unified_parameter_gru_v1","RECOMMEND"
"2026-01","DTL_NORM_001","DTL_NORM_001_D001","INTERCONNECT_RESISTANCE","INTERCONNECT_RESISTANCE",13,,"NOT_IN_GATE_SET",false,false,0.00003273040056228638,7,false,false,"unified_parameter_gru_v1","RECOMMEND"
"2026-01","DTL_NORM_001","DTL_NORM_001_D001","INTERCONNECT_RESISTANCE","INTERCONNECT_RESISTANCE",12,,"NOT_IN_GATE_SET",false,false,-0.003783002495765686,8,false,false,"unified_parameter_gru_v1","RECOMMEND"
"2026-01","DTL_NORM_001","DTL_NORM_001_D001","INTERCONNECT_RESISTANCE","INTERCONNECT_RESISTANCE",11,,"NOT_IN_GATE_SET",false,false,-0.004070088267326355,9,false,false,"unified_parameter_gru_v1","RECOMMEND"
"2026-01","DTL_NORM_001","DTL_NORM_001_D001","ON_RESISTANCE","ON_RESISTANCE",50,1,"PASS",true,true,0.9621875286102295,1,false,true,"unified_parameter_gru_v1","RECOMMEND"
"2026-01","DTL_NORM_001","DTL_NORM_001_D001","ON_RESISTANCE","ON_RESISTANCE",40,1,"PASS",true,true,0.9323359727859497,2,false,false,"unified_parameter_gru_v1","RECOMMEND"
"2026-01","DTL_NORM_001","DTL_NORM_001_D001","ON_RESISTANCE","ON_RESISTANCE",35,1,"PASS",true,true,0.8623981475830078,3,false,false,"unified_parameter_gru_v1","RECOMMEND"
"2026-01","DTL_NORM_001","DTL_NORM_001_D001","ON_RESISTANCE","ON_RESISTANCE",30,0.875,"PASS",true,true,0.5896854996681213,4,false,false,"unified_parameter_gru_v1","RECOMMEND"
"2026-01","DTL_NORM_001","DTL_NORM_001_D001","ON_RESISTANCE","ON_RESISTANCE",28,0.625,"PASS",true,true,0.4177309572696686,5,false,false,"unified_parameter_gru_v1","RECOMMEND"
"2026-01","DTL_NORM_001","DTL_NORM_001_D001","ON_RESISTANCE","ON_RESISTANCE",25,0.3333333333333333,"PASS",true,true,0.11036859452724457,6,true,false,"unified_parameter_gru_v1","RECOMMEND"
"2026-01","DTL_NORM_001","DTL_NORM_001_D001","ON_RESISTANCE","ON_RESISTANCE",18,,"NOT_IN_GATE_SET",false,false,-0.003527142107486725,7,false,false,"unified_parameter_gru_v1","RECOMMEND"
"2026-01","DTL_NORM_001","DTL_NORM_001_D001","ON_RESISTANCE","ON_RESISTANCE",20,,"NOT_IN_GATE_SET",false,false,-0.006853953003883362,8,false,false,"unified_parameter_gru_v1","RECOMMEND"
"2026-01","DTL_NORM_001","DTL_NORM_001_D001","ON_RESISTANCE","ON_RESISTANCE",22,,"NOT_IN_GATE_SET",false,false,-0.010266955941915512,9,false,false,"unified_parameter_gru_v1","RECOMMEND"
"2026-02","DTL_NORM_001","DTL_NORM_001_D001","ir_drop","IR_DROP_MV",72,1,"PASS",true,true,0.824392557144165,1,false,true,"core_gru_temporal_v1","RECOMMEND"
"2026-02","DTL_NORM_001","DTL_NORM_001_D001","ir_drop","IR_DROP_MV",70,1,"PASS",true,true,0.8238612413406372,2,false,false,"core_gru_temporal_v1","RECOMMEND"
"2026-02","DTL_NORM_001","DTL_NORM_001_D001","ir_drop","IR_DROP_MV",65,1,"PASS",true,true,0.8231794238090515,3,false,false,"core_gru_temporal_v1","RECOMMEND"
"2026-02","DTL_NORM_001","DTL_NORM_001_D001","ir_drop","IR_DROP_MV",60,1,"PASS",true,true,0.8226858973503113,4,false,false,"core_gru_temporal_v1","RECOMMEND"
"2026-02","DTL_NORM_001","DTL_NORM_001_D001","ir_drop","IR_DROP_MV",55,1,"PASS",true,true,0.8216729164123535,5,false,false,"core_gru_temporal_v1","RECOMMEND"
"2026-02","DTL_NORM_001","DTL_NORM_001_D001","ir_drop","IR_DROP_MV",25,0.25,"PASS",true,true,0.056610316038131714,15,true,false,"core_gru_temporal_v1","RECOMMEND"
"2026-02","DTL_NORM_001","DTL_NORM_001_D001","ir_drop","IR_DROP_MV",50,,"NOT_IN_GATE_SET",false,false,0.818769633769989,6,false,false,"core_gru_temporal_v1","RECOMMEND"
"2026-02","DTL_NORM_001","DTL_NORM_001_D001","ir_drop","IR_DROP_MV",45,,"NOT_IN_GATE_SET",false,false,0.8122862577438354,7,false,false,"core_gru_temporal_v1","RECOMMEND"
"2026-02","DTL_NORM_001","DTL_NORM_001_D001","ir_drop","IR_DROP_MV",40,,"NOT_IN_GATE_SET",false,false,0.7992298603057861,8,false,false,"core_gru_temporal_v1","RECOMMEND"
"2026-02","DTL_NORM_001","DTL_NORM_001_D001","ir_drop","IR_DROP_MV",35,,"NOT_IN_GATE_SET",false,false,0.7640666961669922,9,false,false,"core_gru_temporal_v1","RECOMMEND"
"2026-02","DTL_NORM_001","DTL_NORM_001_D001","ir_drop","IR_DROP_MV",30,,"NOT_IN_GATE_SET",false,false,0.48086851835250854,10,false,false,"core_gru_temporal_v1","RECOMMEND"
"2026-02","DTL_NORM_001","DTL_NORM_001_D001","ir_drop","IR_DROP_MV",29,,"NOT_IN_GATE_SET",false,false,0.3921474814414978,11,false,false,"core_gru_temporal_v1","RECOMMEND"
"2026-02","DTL_NORM_001","DTL_NORM_001_D001","ir_drop","IR_DROP_MV",28,,"NOT_IN_GATE_SET",false,false,0.3009564280509949,12,false,false,"core_gru_temporal_v1","RECOMMEND"
"2026-02","DTL_NORM_001","DTL_NORM_001_D001","ir_drop","IR_DROP_MV",27,,"NOT_IN_GATE_SET",false,false,0.2168872356414795,13,false,false,"core_gru_temporal_v1","RECOMMEND"
"2026-02","DTL_NORM_001","DTL_NORM_001_D001","ir_drop","IR_DROP_MV",26,,"NOT_IN_GATE_SET",false,false,0.15124008059501648,14,false,false,"core_gru_temporal_v1","RECOMMEND"
"2026-02","DTL_NORM_001","DTL_NORM_001_D001","ir_drop","IR_DROP_MV",24,,"NOT_IN_GATE_SET",false,false,-0.014522263780236244,16,false,false,"core_gru_temporal_v1","RECOMMEND"
"2026-02","DTL_NORM_001","DTL_NORM_001_D001","ir_drop","IR_DROP_MV",23,,"NOT_IN_GATE_SET",false,false,-0.02501269243657589,17,false,false,"core_gru_temporal_v1","RECOMMEND"
"2026-02","DTL_NORM_001","DTL_NORM_001_D001","ir_drop","IR_DROP_MV",22,,"NOT_IN_GATE_SET",false,false,-0.03295901417732239,18,false,false,"core_gru_temporal_v1","RECOMMEND"
"2026-02","DTL_NORM_001","DTL_NORM_001_D001","ir_drop","IR_DROP_MV",21,,"NOT_IN_GATE_SET",false,false,-0.03354360908269882,19,false,false,"core_gru_temporal_v1","RECOMMEND"
"2026-02","DTL_NORM_001","DTL_NORM_001_D001","ir_drop","IR_DROP_MV",20,,"NOT_IN_GATE_SET",false,false,-0.03378572314977646,20,false,false,"core_gru_temporal_v1","RECOMMEND"
"2026-02","DTL_NORM_001","DTL_NORM_001_D001","thermal","THERMAL_C",92,1,"PASS",true,true,0.9083572626113892,1,false,true,"core_gru_temporal_v1","RECOMMEND"
"2026-02","DTL_NORM_001","DTL_NORM_001_D001","thermal","THERMAL_C",90,1,"PASS",true,true,0.9050780534744263,2,false,false,"core_gru_temporal_v1","RECOMMEND"
"2026-02","DTL_NORM_001","DTL_NORM_001_D001","thermal","THERMAL_C",85,1,"PASS",true,true,0.8942893147468567,3,false,false,"core_gru_temporal_v1","RECOMMEND"
"2026-02","DTL_NORM_001","DTL_NORM_001_D001","thermal","THERMAL_C",80,1,"PASS",true,true,0.8782564997673035,4,false,false,"core_gru_temporal_v1","RECOMMEND"
"2026-02","DTL_NORM_001","DTL_NORM_001_D001","thermal","THERMAL_C",75,1,"PASS",true,true,0.8550553321838379,5,false,false,"core_gru_temporal_v1","RECOMMEND"
"2026-02","DTL_NORM_001","DTL_NORM_001_D001","thermal","THERMAL_C",60,0.4166666666666667,"PASS",true,true,0.11595802009105682,12,true,false,"core_gru_temporal_v1","RECOMMEND"
"2026-02","DTL_NORM_001","DTL_NORM_001_D001","thermal","THERMAL_C",70,,"NOT_IN_GATE_SET",false,false,0.823239803314209,6,false,false,"core_gru_temporal_v1","RECOMMEND"
"2026-02","DTL_NORM_001","DTL_NORM_001_D001","thermal","THERMAL_C",65,,"NOT_IN_GATE_SET",false,false,0.6247692108154297,7,false,false,"core_gru_temporal_v1","RECOMMEND"
"2026-02","DTL_NORM_001","DTL_NORM_001_D001","thermal","THERMAL_C",64,,"NOT_IN_GATE_SET",false,false,0.5245117545127869,8,false,false,"core_gru_temporal_v1","RECOMMEND"
"2026-02","DTL_NORM_001","DTL_NORM_001_D001","thermal","THERMAL_C",63,,"NOT_IN_GATE_SET",false,false,0.4160679876804352,9,false,false,"core_gru_temporal_v1","RECOMMEND"
"2026-02","DTL_NORM_001","DTL_NORM_001_D001","thermal","THERMAL_C",62,,"NOT_IN_GATE_SET",false,false,0.3178507089614868,10,false,false,"core_gru_temporal_v1","RECOMMEND"
"2026-02","DTL_NORM_001","DTL_NORM_001_D001","thermal","THERMAL_C",61,,"NOT_IN_GATE_SET",false,false,0.2357971966266632,11,false,false,"core_gru_temporal_v1","RECOMMEND"
"2026-02","DTL_NORM_001","DTL_NORM_001_D001","thermal","THERMAL_C",58,,"NOT_IN_GATE_SET",false,false,0.02708739973604679,13,false,false,"core_gru_temporal_v1","RECOMMEND"
"2026-02","DTL_NORM_001","DTL_NORM_001_D001","thermal","THERMAL_C",56,,"NOT_IN_GATE_SET",false,false,0.0016857702285051346,14,false,false,"core_gru_temporal_v1","RECOMMEND"
"2026-02","DTL_NORM_001","DTL_NORM_001_D001","thermal","THERMAL_C",54,,"NOT_IN_GATE_SET",false,false,-0.017336340621113777,15,false,false,"core_gru_temporal_v1","RECOMMEND"
"2026-02","DTL_NORM_001","DTL_NORM_001_D001","thermal","THERMAL_C",52,,"NOT_IN_GATE_SET",false,false,-0.03006340190768242,16,false,false,"core_gru_temporal_v1","RECOMMEND"
"2026-02","DTL_NORM_001","DTL_NORM_001_D001","thermal","THERMAL_C",50,,"NOT_IN_GATE_SET",false,false,-0.03254334628582001,17,false,false,"core_gru_temporal_v1","RECOMMEND"
"2026-02","DTL_NORM_001","DTL_NORM_001_D001","VMIN","VMIN",1,0.5833333333333334,"PASS",true,true,0.38601407408714294,1,false,true,"unified_parameter_gru_v1","RECOMMEND"
"2026-02","DTL_NORM_001","DTL_NORM_001_D001","VMIN","VMIN",0.95,0.2916666666666667,"PASS",true,true,0.18232962489128113,2,false,false,"unified_parameter_gru_v1","RECOMMEND"
"2026-02","DTL_NORM_001","DTL_NORM_001_D001","VMIN","VMIN",0.92,0.2083333333333333,"PASS",true,true,0.05560208112001419,3,false,false,"unified_parameter_gru_v1","RECOMMEND"
"2026-02","DTL_NORM_001","DTL_NORM_001_D001","VMIN","VMIN",0.75,0,"PASS",true,true,0.026055417954921722,4,false,false,"unified_parameter_gru_v1","RECOMMEND"
"2026-02","DTL_NORM_001","DTL_NORM_001_D001","VMIN","VMIN",0.78,0,"PASS",true,true,0.01994416117668152,5,false,false,"unified_parameter_gru_v1","RECOMMEND"
"2026-02","DTL_NORM_001","DTL_NORM_001_D001","VMIN","VMIN",0.85,0,"PASS",true,true,-0.007463015615940094,9,true,false,"unified_parameter_gru_v1","RECOMMEND"
"2026-02","DTL_NORM_001","DTL_NORM_001_D001","VMIN","VMIN",0.8,,"NOT_IN_GATE_SET",false,false,0.015396572649478912,6,false,false,"unified_parameter_gru_v1","RECOMMEND"
"2026-02","DTL_NORM_001","DTL_NORM_001_D001","VMIN","VMIN",0.82,,"NOT_IN_GATE_SET",false,false,0.012150965631008148,7,false,false,"unified_parameter_gru_v1","RECOMMEND"
"2026-02","DTL_NORM_001","DTL_NORM_001_D001","VMIN","VMIN",0.9,,"NOT_IN_GATE_SET",false,false,-0.002474740147590637,8,false,false,"unified_parameter_gru_v1","RECOMMEND"
"2026-02","DTL_NORM_001","DTL_NORM_001_D001","VMIN","VMIN",0.88,,"NOT_IN_GATE_SET",false,false,-0.019953381270170212,10,false,false,"unified_parameter_gru_v1","RECOMMEND"
"2026-02","DTL_NORM_001","DTL_NORM_001_D001","VMAX","VMAX",1.05,0.375,"PASS",true,true,0.13686791062355042,1,false,true,"unified_parameter_gru_v1","RECOMMEND"
"2026-02","DTL_NORM_001","DTL_NORM_001_D001","VMAX","VMAX",1.08,0.2916666666666667,"PASS",true,true,0.12697765231132507,2,false,false,"unified_parameter_gru_v1","RECOMMEND"
"2026-02","DTL_NORM_001","DTL_NORM_001_D001","VMAX","VMAX",1.1,0.1666666666666666,"PASS",true,true,0.10372227430343628,3,false,false,"unified_parameter_gru_v1","RECOMMEND"
"2026-02","DTL_NORM_001","DTL_NORM_001_D001","VMAX","VMAX",1.12,0.1666666666666666,"PASS",true,true,0.08045818656682968,4,false,false,"unified_parameter_gru_v1","RECOMMEND"
"2026-02","DTL_NORM_001","DTL_NORM_001_D001","VMAX","VMAX",1.15,0,"PASS",true,true,0.008468367159366608,5,true,false,"unified_parameter_gru_v1","RECOMMEND"
"2026-02","DTL_NORM_001","DTL_NORM_001_D001","VMAX","VMAX",1.18,,"NOT_IN_GATE_SET",false,false,-0.001816440373659134,6,false,false,"unified_parameter_gru_v1","RECOMMEND"
"2026-02","DTL_NORM_001","DTL_NORM_001_D001","VMAX","VMAX",1.2,,"NOT_IN_GATE_SET",false,false,-0.01033022254705429,7,false,false,"unified_parameter_gru_v1","RECOMMEND"
"2026-02","DTL_NORM_001","DTL_NORM_001_D001","VMAX","VMAX",1.22,,"NOT_IN_GATE_SET",false,false,-0.021120328456163406,8,false,false,"unified_parameter_gru_v1","RECOMMEND"
"2026-02","DTL_NORM_001","DTL_NORM_001_D001","VMAX","VMAX",1.25,,"NOT_IN_GATE_SET",false,false,-0.027082663029432297,9,false,false,"unified_parameter_gru_v1","RECOMMEND"
"2026-02","DTL_NORM_001","DTL_NORM_001_D001","IDDQ","IDDQ",100,0.9583333333333334,"PASS",true,true,0.7807084321975708,1,false,true,"unified_parameter_gru_v1","RECOMMEND"
"2026-02","DTL_NORM_001","DTL_NORM_001_D001","IDDQ","IDDQ",80,0.5833333333333334,"PASS",true,true,0.55558842420578,2,false,false,"unified_parameter_gru_v1","RECOMMEND"
"2026-02","DTL_NORM_001","DTL_NORM_001_D001","IDDQ","IDDQ",70,0.3333333333333333,"PASS",true,true,0.2997393012046814,3,false,false,"unified_parameter_gru_v1","RECOMMEND"
"2026-02","DTL_NORM_001","DTL_NORM_001_D001","IDDQ","IDDQ",60,0.0833333333333333,"PASS",true,true,0.015572842210531235,4,false,false,"unified_parameter_gru_v1","RECOMMEND"
"2026-02","DTL_NORM_001","DTL_NORM_001_D001","IDDQ","IDDQ",30,0,"PASS",true,true,0.007459461688995361,5,false,false,"unified_parameter_gru_v1","RECOMMEND"
"2026-02","DTL_NORM_001","DTL_NORM_001_D001","IDDQ","IDDQ",50,0,"PASS",true,true,0.00389828160405159,6,true,false,"unified_parameter_gru_v1","RECOMMEND"
"2026-02","DTL_NORM_001","DTL_NORM_001_D001","IDDQ","IDDQ",35,,"NOT_IN_GATE_SET",false,false,0.003591589629650116,7,false,false,"unified_parameter_gru_v1","RECOMMEND"
"2026-02","DTL_NORM_001","DTL_NORM_001_D001","IDDQ","IDDQ",40,,"NOT_IN_GATE_SET",false,false,-0.000028207898139953613,8,false,false,"unified_parameter_gru_v1","RECOMMEND"
"2026-02","DTL_NORM_001","DTL_NORM_001_D001","IDDQ","IDDQ",45,,"NOT_IN_GATE_SET",false,false,-0.0029698386788368225,9,false,false,"unified_parameter_gru_v1","RECOMMEND"
"2026-02","DTL_NORM_001","DTL_NORM_001_D001","IDDQ","IDDQ",55,,"NOT_IN_GATE_SET",false,false,-0.011307019740343094,10,false,false,"unified_parameter_gru_v1","RECOMMEND"
"2026-02","DTL_NORM_001","DTL_NORM_001_D001","SUPPLY_CURRENT","SUPPLY_CURRENT",200,1,"PASS",true,true,0.9768821001052856,1,false,true,"unified_parameter_gru_v1","RECOMMEND"
"2026-02","DTL_NORM_001","DTL_NORM_001_D001","SUPPLY_CURRENT","SUPPLY_CURRENT",170,1,"PASS",true,true,0.8952709436416626,2,false,false,"unified_parameter_gru_v1","RECOMMEND"
"2026-02","DTL_NORM_001","DTL_NORM_001_D001","SUPPLY_CURRENT","SUPPLY_CURRENT",150,0.875,"PASS",true,true,0.6477589011192322,3,false,false,"unified_parameter_gru_v1","RECOMMEND"
"2026-02","DTL_NORM_001","DTL_NORM_001_D001","SUPPLY_CURRENT","SUPPLY_CURRENT",140,0.6666666666666666,"PASS",true,true,0.335262268781662,4,false,false,"unified_parameter_gru_v1","RECOMMEND"
"2026-02","DTL_NORM_001","DTL_NORM_001_D001","SUPPLY_CURRENT","SUPPLY_CURRENT",130,0.2916666666666667,"PASS",true,true,0.14941556751728058,5,false,false,"unified_parameter_gru_v1","RECOMMEND"
"2026-02","DTL_NORM_001","DTL_NORM_001_D001","SUPPLY_CURRENT","SUPPLY_CURRENT",120,0.2083333333333333,"PASS",true,true,0.051734499633312225,6,true,false,"unified_parameter_gru_v1","RECOMMEND"
"2026-02","DTL_NORM_001","DTL_NORM_001_D001","SUPPLY_CURRENT","SUPPLY_CURRENT",90,,"NOT_IN_GATE_SET",false,false,-0.011424392461776733,7,false,false,"unified_parameter_gru_v1","RECOMMEND"
"2026-02","DTL_NORM_001","DTL_NORM_001_D001","SUPPLY_CURRENT","SUPPLY_CURRENT",100,,"NOT_IN_GATE_SET",false,false,-0.013585567474365234,8,false,false,"unified_parameter_gru_v1","RECOMMEND"
"2026-02","DTL_NORM_001","DTL_NORM_001_D001","SUPPLY_CURRENT","SUPPLY_CURRENT",110,,"NOT_IN_GATE_SET",false,false,-0.01598592847585678,9,false,false,"unified_parameter_gru_v1","RECOMMEND"
"2026-02","DTL_NORM_001","DTL_NORM_001_D001","CONTACT_RESISTANCE","CONTACT_RESISTANCE",10,1,"PASS",true,true,0.9358984231948853,1,false,true,"unified_parameter_gru_v1","RECOMMEND"
"2026-02","DTL_NORM_001","DTL_NORM_001_D001","CONTACT_RESISTANCE","CONTACT_RESISTANCE",8,0.9166666666666666,"PASS",true,true,0.8322067260742188,2,false,false,"unified_parameter_gru_v1","RECOMMEND"
"2026-02","DTL_NORM_001","DTL_NORM_001_D001","CONTACT_RESISTANCE","CONTACT_RESISTANCE",7,0.6666666666666666,"PASS",true,true,0.6157028675079346,3,false,false,"unified_parameter_gru_v1","RECOMMEND"
"2026-02","DTL_NORM_001","DTL_NORM_001_D001","CONTACT_RESISTANCE","CONTACT_RESISTANCE",6,0.3333333333333333,"PASS",true,true,0.18448197841644287,4,false,false,"unified_parameter_gru_v1","RECOMMEND"
"2026-02","DTL_NORM_001","DTL_NORM_001_D001","CONTACT_RESISTANCE","CONTACT_RESISTANCE",5,0.1666666666666666,"PASS",true,true,0.08507940173149109,5,true,false,"unified_parameter_gru_v1","RECOMMEND"
"2026-02","DTL_NORM_001","DTL_NORM_001_D001","CONTACT_RESISTANCE","CONTACT_RESISTANCE",5.5,,"NOT_IN_GATE_SET",false,false,0.08487071841955185,6,false,false,"unified_parameter_gru_v1","RECOMMEND"
"2026-02","DTL_NORM_001","DTL_NORM_001_D001","CONTACT_RESISTANCE","CONTACT_RESISTANCE",3.5,,"NOT_IN_GATE_SET",false,false,0.007782481610774994,7,false,false,"unified_parameter_gru_v1","RECOMMEND"
"2026-02","DTL_NORM_001","DTL_NORM_001_D001","CONTACT_RESISTANCE","CONTACT_RESISTANCE",4,,"NOT_IN_GATE_SET",false,false,0.006654437631368637,8,false,false,"unified_parameter_gru_v1","RECOMMEND"
"2026-02","DTL_NORM_001","DTL_NORM_001_D001","CONTACT_RESISTANCE","CONTACT_RESISTANCE",4.5,,"NOT_IN_GATE_SET",false,false,0.004478588700294495,9,false,false,"unified_parameter_gru_v1","RECOMMEND"
"2026-02","DTL_NORM_001","DTL_NORM_001_D001","INTERCONNECT_RESISTANCE","INTERCONNECT_RESISTANCE",25,1,"PASS",true,true,0.8171955347061157,1,false,true,"unified_parameter_gru_v1","RECOMMEND"
"2026-02","DTL_NORM_001","DTL_NORM_001_D001","INTERCONNECT_RESISTANCE","INTERCONNECT_RESISTANCE",20,0.75,"PASS",true,true,0.5297185182571411,2,false,false,"unified_parameter_gru_v1","RECOMMEND"
"2026-02","DTL_NORM_001","DTL_NORM_001_D001","INTERCONNECT_RESISTANCE","INTERCONNECT_RESISTANCE",18,0.4583333333333333,"PASS",true,true,0.27225127816200256,3,false,false,"unified_parameter_gru_v1","RECOMMEND"
"2026-02","DTL_NORM_001","DTL_NORM_001_D001","INTERCONNECT_RESISTANCE","INTERCONNECT_RESISTANCE",16,0.2916666666666667,"PASS",true,true,0.0956345796585083,4,false,false,"unified_parameter_gru_v1","RECOMMEND"
"2026-02","DTL_NORM_001","DTL_NORM_001_D001","INTERCONNECT_RESISTANCE","INTERCONNECT_RESISTANCE",15,0.25,"PASS",true,true,0.0515364333987236,5,true,false,"unified_parameter_gru_v1","RECOMMEND"
"2026-02","DTL_NORM_001","DTL_NORM_001_D001","INTERCONNECT_RESISTANCE","INTERCONNECT_RESISTANCE",11,,"NOT_IN_GATE_SET",false,false,-0.0007857158780097961,6,false,false,"unified_parameter_gru_v1","RECOMMEND"
"2026-02","DTL_NORM_001","DTL_NORM_001_D001","INTERCONNECT_RESISTANCE","INTERCONNECT_RESISTANCE",12,,"NOT_IN_GATE_SET",false,false,-0.0009196177124977112,7,false,false,"unified_parameter_gru_v1","RECOMMEND"
"2026-02","DTL_NORM_001","DTL_NORM_001_D001","INTERCONNECT_RESISTANCE","INTERCONNECT_RESISTANCE",13,,"NOT_IN_GATE_SET",false,false,-0.0021538883447647095,8,false,false,"unified_parameter_gru_v1","RECOMMEND"
"2026-02","DTL_NORM_001","DTL_NORM_001_D001","INTERCONNECT_RESISTANCE","INTERCONNECT_RESISTANCE",14,,"NOT_IN_GATE_SET",false,false,-0.002558976411819458,9,false,false,"unified_parameter_gru_v1","RECOMMEND"
"2026-02","DTL_NORM_001","DTL_NORM_001_D001","ON_RESISTANCE","ON_RESISTANCE",50,1,"PASS",true,true,0.9211827516555786,1,false,true,"unified_parameter_gru_v1","RECOMMEND"
"2026-02","DTL_NORM_001","DTL_NORM_001_D001","ON_RESISTANCE","ON_RESISTANCE",40,1,"PASS",true,true,0.860205888748169,2,false,false,"unified_parameter_gru_v1","RECOMMEND"
"2026-02","DTL_NORM_001","DTL_NORM_001_D001","ON_RESISTANCE","ON_RESISTANCE",35,0.9583333333333334,"PASS",true,true,0.732450544834137,3,false,false,"unified_parameter_gru_v1","RECOMMEND"
"2026-02","DTL_NORM_001","DTL_NORM_001_D001","ON_RESISTANCE","ON_RESISTANCE",30,0.4583333333333333,"PASS",true,true,0.30884602665901184,4,false,false,"unified_parameter_gru_v1","RECOMMEND"
"2026-02","DTL_NORM_001","DTL_NORM_001_D001","ON_RESISTANCE","ON_RESISTANCE",28,0.375,"PASS",true,true,0.19556128978729248,5,false,false,"unified_parameter_gru_v1","RECOMMEND"
"2026-02","DTL_NORM_001","DTL_NORM_001_D001","ON_RESISTANCE","ON_RESISTANCE",25,0.1666666666666666,"PASS",true,true,0.08320677280426025,6,true,false,"unified_parameter_gru_v1","RECOMMEND"
"2026-02","DTL_NORM_001","DTL_NORM_001_D001","ON_RESISTANCE","ON_RESISTANCE",18,,"NOT_IN_GATE_SET",false,false,-0.01480778306722641,7,false,false,"unified_parameter_gru_v1","RECOMMEND"
"2026-02","DTL_NORM_001","DTL_NORM_001_D001","ON_RESISTANCE","ON_RESISTANCE",20,,"NOT_IN_GATE_SET",false,false,-0.017055701464414597,8,false,false,"unified_parameter_gru_v1","RECOMMEND"
"2026-02","DTL_NORM_001","DTL_NORM_001_D001","ON_RESISTANCE","ON_RESISTANCE",22,,"NOT_IN_GATE_SET",false,false,-0.019296877086162567,9,false,false,"unified_parameter_gru_v1","RECOMMEND"
"2026-03","DTL_NORM_001","DTL_NORM_001_D001","ir_drop","IR_DROP_MV",55,1,"PASS",true,true,0.8307693004608154,1,false,true,"core_gru_temporal_v1","RECOMMEND"
"2026-03","DTL_NORM_001","DTL_NORM_001_D001","ir_drop","IR_DROP_MV",60,1,"PASS",true,true,0.8305788040161133,2,false,false,"core_gru_temporal_v1","RECOMMEND"
"2026-03","DTL_NORM_001","DTL_NORM_001_D001","ir_drop","IR_DROP_MV",72,1,"PASS",true,true,0.8304513692855835,3,false,false,"core_gru_temporal_v1","RECOMMEND"
"2026-03","DTL_NORM_001","DTL_NORM_001_D001","ir_drop","IR_DROP_MV",70,1,"PASS",true,true,0.8302271962165833,4,false,false,"core_gru_temporal_v1","RECOMMEND"
"2026-03","DTL_NORM_001","DTL_NORM_001_D001","ir_drop","IR_DROP_MV",65,1,"PASS",true,true,0.8301838636398315,5,false,false,"core_gru_temporal_v1","RECOMMEND"
"2026-03","DTL_NORM_001","DTL_NORM_001_D001","ir_drop","IR_DROP_MV",25,0.0833333333333333,"PASS",true,true,0.10180218517780304,15,true,false,"core_gru_temporal_v1","RECOMMEND"
"2026-03","DTL_NORM_001","DTL_NORM_001_D001","ir_drop","IR_DROP_MV",50,,"NOT_IN_GATE_SET",false,false,0.8296552896499634,6,false,false,"core_gru_temporal_v1","RECOMMEND"
"2026-03","DTL_NORM_001","DTL_NORM_001_D001","ir_drop","IR_DROP_MV",45,,"NOT_IN_GATE_SET",false,false,0.8255688548088074,7,false,false,"core_gru_temporal_v1","RECOMMEND"
"2026-03","DTL_NORM_001","DTL_NORM_001_D001","ir_drop","IR_DROP_MV",40,,"NOT_IN_GATE_SET",false,false,0.8155804872512817,8,false,false,"core_gru_temporal_v1","RECOMMEND"
"2026-03","DTL_NORM_001","DTL_NORM_001_D001","ir_drop","IR_DROP_MV",35,,"NOT_IN_GATE_SET",false,false,0.7848706841468811,9,false,false,"core_gru_temporal_v1","RECOMMEND"
"2026-03","DTL_NORM_001","DTL_NORM_001_D001","ir_drop","IR_DROP_MV",30,,"NOT_IN_GATE_SET",false,false,0.5945013165473938,10,false,false,"core_gru_temporal_v1","RECOMMEND"
"2026-03","DTL_NORM_001","DTL_NORM_001_D001","ir_drop","IR_DROP_MV",29,,"NOT_IN_GATE_SET",false,false,0.48410630226135254,11,false,false,"core_gru_temporal_v1","RECOMMEND"
"2026-03","DTL_NORM_001","DTL_NORM_001_D001","ir_drop","IR_DROP_MV",28,,"NOT_IN_GATE_SET",false,false,0.3823886513710022,12,false,false,"core_gru_temporal_v1","RECOMMEND"
"2026-03","DTL_NORM_001","DTL_NORM_001_D001","ir_drop","IR_DROP_MV",27,,"NOT_IN_GATE_SET",false,false,0.29523125290870667,13,false,false,"core_gru_temporal_v1","RECOMMEND"
"2026-03","DTL_NORM_001","DTL_NORM_001_D001","ir_drop","IR_DROP_MV",26,,"NOT_IN_GATE_SET",false,false,0.20085768401622772,14,false,false,"core_gru_temporal_v1","RECOMMEND"
"2026-03","DTL_NORM_001","DTL_NORM_001_D001","ir_drop","IR_DROP_MV",24,,"NOT_IN_GATE_SET",false,false,0.0009452831000089645,16,false,false,"core_gru_temporal_v1","RECOMMEND"
"2026-03","DTL_NORM_001","DTL_NORM_001_D001","ir_drop","IR_DROP_MV",23,,"NOT_IN_GATE_SET",false,false,-0.017749236896634102,17,false,false,"core_gru_temporal_v1","RECOMMEND"
"2026-03","DTL_NORM_001","DTL_NORM_001_D001","ir_drop","IR_DROP_MV",22,,"NOT_IN_GATE_SET",false,false,-0.029508622363209724,18,false,false,"core_gru_temporal_v1","RECOMMEND"
"2026-03","DTL_NORM_001","DTL_NORM_001_D001","ir_drop","IR_DROP_MV",21,,"NOT_IN_GATE_SET",false,false,-0.03716918081045151,19,false,false,"core_gru_temporal_v1","RECOMMEND"
"2026-03","DTL_NORM_001","DTL_NORM_001_D001","ir_drop","IR_DROP_MV",20,,"NOT_IN_GATE_SET",false,false,-0.037808857858181,20,false,false,"core_gru_temporal_v1","RECOMMEND"
"2026-03","DTL_NORM_001","DTL_NORM_001_D001","thermal","THERMAL_C",92,1,"PASS",true,true,0.9230093955993652,1,false,true,"core_gru_temporal_v1","RECOMMEND"
"2026-03","DTL_NORM_001","DTL_NORM_001_D001","thermal","THERMAL_C",90,1,"PASS",true,true,0.9200435280799866,2,false,false,"core_gru_temporal_v1","RECOMMEND"
"2026-03","DTL_NORM_001","DTL_NORM_001_D001","thermal","THERMAL_C",85,1,"PASS",true,true,0.909984827041626,3,false,false,"core_gru_temporal_v1","RECOMMEND"
"2026-03","DTL_NORM_001","DTL_NORM_001_D001","thermal","THERMAL_C",80,1,"PASS",true,true,0.8950240015983582,4,false,false,"core_gru_temporal_v1","RECOMMEND"
"2026-03","DTL_NORM_001","DTL_NORM_001_D001","thermal","THERMAL_C",75,1,"PASS",true,true,0.8724461197853088,5,false,false,"core_gru_temporal_v1","RECOMMEND"
"2026-03","DTL_NORM_001","DTL_NORM_001_D001","thermal","THERMAL_C",60,0.25,"PASS",true,true,0.17034277319908142,12,true,false,"core_gru_temporal_v1","RECOMMEND"
"2026-03","DTL_NORM_001","DTL_NORM_001_D001","thermal","THERMAL_C",70,,"NOT_IN_GATE_SET",false,false,0.8414320945739746,6,false,false,"core_gru_temporal_v1","RECOMMEND"
"2026-03","DTL_NORM_001","DTL_NORM_001_D001","thermal","THERMAL_C",65,,"NOT_IN_GATE_SET",false,false,0.7421008348464966,7,false,false,"core_gru_temporal_v1","RECOMMEND"
"2026-03","DTL_NORM_001","DTL_NORM_001_D001","thermal","THERMAL_C",64,,"NOT_IN_GATE_SET",false,false,0.6710518002510071,8,false,false,"core_gru_temporal_v1","RECOMMEND"
"2026-03","DTL_NORM_001","DTL_NORM_001_D001","thermal","THERMAL_C",63,,"NOT_IN_GATE_SET",false,false,0.5764567852020264,9,false,false,"core_gru_temporal_v1","RECOMMEND"
"2026-03","DTL_NORM_001","DTL_NORM_001_D001","thermal","THERMAL_C",62,,"NOT_IN_GATE_SET",false,false,0.4612147808074951,10,false,false,"core_gru_temporal_v1","RECOMMEND"
"2026-03","DTL_NORM_001","DTL_NORM_001_D001","thermal","THERMAL_C",61,,"NOT_IN_GATE_SET",false,false,0.3479810953140259,11,false,false,"core_gru_temporal_v1","RECOMMEND"
"2026-03","DTL_NORM_001","DTL_NORM_001_D001","thermal","THERMAL_C",58,,"NOT_IN_GATE_SET",false,false,0.04413417726755142,13,false,false,"core_gru_temporal_v1","RECOMMEND"
"2026-03","DTL_NORM_001","DTL_NORM_001_D001","thermal","THERMAL_C",56,,"NOT_IN_GATE_SET",false,false,0.010175490751862526,14,false,false,"core_gru_temporal_v1","RECOMMEND"
"2026-03","DTL_NORM_001","DTL_NORM_001_D001","thermal","THERMAL_C",54,,"NOT_IN_GATE_SET",false,false,-0.011690696701407433,15,false,false,"core_gru_temporal_v1","RECOMMEND"
"2026-03","DTL_NORM_001","DTL_NORM_001_D001","thermal","THERMAL_C",52,,"NOT_IN_GATE_SET",false,false,-0.024999385699629784,16,false,false,"core_gru_temporal_v1","RECOMMEND"
"2026-03","DTL_NORM_001","DTL_NORM_001_D001","thermal","THERMAL_C",50,,"NOT_IN_GATE_SET",false,false,-0.029926694929599762,17,false,false,"core_gru_temporal_v1","RECOMMEND"
"2026-03","DTL_NORM_001","DTL_NORM_001_D001","VMIN","VMIN",1,0.7083333333333334,"PASS",true,true,0.4554971754550934,1,false,true,"unified_parameter_gru_v1","RECOMMEND"
"2026-03","DTL_NORM_001","DTL_NORM_001_D001","VMIN","VMIN",0.95,0.0833333333333333,"PASS",true,true,0.22980529069900513,2,false,false,"unified_parameter_gru_v1","RECOMMEND"
"2026-03","DTL_NORM_001","DTL_NORM_001_D001","VMIN","VMIN",0.92,0.0416666666666666,"PASS",true,true,0.11688470095396042,3,false,false,"unified_parameter_gru_v1","RECOMMEND"
"2026-03","DTL_NORM_001","DTL_NORM_001_D001","VMIN","VMIN",0.9,0,"PASS",true,true,0.037331804633140564,4,false,false,"unified_parameter_gru_v1","RECOMMEND"
"2026-03","DTL_NORM_001","DTL_NORM_001_D001","VMIN","VMIN",0.75,0,"PASS",true,true,0.02412845939397812,5,false,false,"unified_parameter_gru_v1","RECOMMEND"
"2026-03","DTL_NORM_001","DTL_NORM_001_D001","VMIN","VMIN",0.85,0,"PASS",true,true,0.00918664038181305,8,true,false,"unified_parameter_gru_v1","RECOMMEND"
"2026-03","DTL_NORM_001","DTL_NORM_001_D001","VMIN","VMIN",0.78,,"NOT_IN_GATE_SET",false,false,0.015326730906963348,6,false,false,"unified_parameter_gru_v1","RECOMMEND"
"2026-03","DTL_NORM_001","DTL_NORM_001_D001","VMIN","VMIN",0.8,,"NOT_IN_GATE_SET",false,false,0.010602906346321106,7,false,false,"unified_parameter_gru_v1","RECOMMEND"
"2026-03","DTL_NORM_001","DTL_NORM_001_D001","VMIN","VMIN",0.82,,"NOT_IN_GATE_SET",false,false,0.00760282576084137,9,false,false,"unified_parameter_gru_v1","RECOMMEND"
"2026-03","DTL_NORM_001","DTL_NORM_001_D001","VMIN","VMIN",0.88,,"NOT_IN_GATE_SET",false,false,-0.0032845959067344666,10,false,false,"unified_parameter_gru_v1","RECOMMEND"
"2026-03","DTL_NORM_001","DTL_NORM_001_D001","VMAX","VMAX",1.05,0.2916666666666667,"PASS",true,true,0.16783663630485535,1,false,true,"unified_parameter_gru_v1","RECOMMEND"
"2026-03","DTL_NORM_001","DTL_NORM_001_D001","VMAX","VMAX",1.08,0.125,"PASS",true,true,0.15124738216400146,2,false,false,"unified_parameter_gru_v1","RECOMMEND"
"2026-03","DTL_NORM_001","DTL_NORM_001_D001","VMAX","VMAX",1.1,0,"PASS",true,true,0.13185201585292816,3,false,false,"unified_parameter_gru_v1","RECOMMEND"
"2026-03","DTL_NORM_001","DTL_NORM_001_D001","VMAX","VMAX",1.12,0,"PASS",true,true,0.10906251519918442,4,false,false,"unified_parameter_gru_v1","RECOMMEND"
"2026-03","DTL_NORM_001","DTL_NORM_001_D001","VMAX","VMAX",1.15,0,"PASS",true,true,0.028352607041597366,5,true,false,"unified_parameter_gru_v1","RECOMMEND"
"2026-03","DTL_NORM_001","DTL_NORM_001_D001","VMAX","VMAX",1.18,,"NOT_IN_GATE_SET",false,false,0.000993821769952774,6,false,false,"unified_parameter_gru_v1","RECOMMEND"
"2026-03","DTL_NORM_001","DTL_NORM_001_D001","VMAX","VMAX",1.2,,"NOT_IN_GATE_SET",false,false,-0.00591423362493515,7,false,false,"unified_parameter_gru_v1","RECOMMEND"
"2026-03","DTL_NORM_001","DTL_NORM_001_D001","VMAX","VMAX",1.22,,"NOT_IN_GATE_SET",false,false,-0.012978162616491318,8,false,false,"unified_parameter_gru_v1","RECOMMEND"
"2026-03","DTL_NORM_001","DTL_NORM_001_D001","VMAX","VMAX",1.25,,"NOT_IN_GATE_SET",false,false,-0.0185425765812397,9,false,false,"unified_parameter_gru_v1","RECOMMEND"
"2026-03","DTL_NORM_001","DTL_NORM_001_D001","IDDQ","IDDQ",100,0.9583333333333334,"PASS",true,true,0.794297456741333,1,false,true,"unified_parameter_gru_v1","RECOMMEND"
"2026-03","DTL_NORM_001","DTL_NORM_001_D001","IDDQ","IDDQ",80,0.6666666666666666,"PASS",true,true,0.5987546443939209,2,false,false,"unified_parameter_gru_v1","RECOMMEND"
"2026-03","DTL_NORM_001","DTL_NORM_001_D001","IDDQ","IDDQ",70,0.125,"PASS",true,true,0.3498455882072449,3,false,false,"unified_parameter_gru_v1","RECOMMEND"
"2026-03","DTL_NORM_001","DTL_NORM_001_D001","IDDQ","IDDQ",60,0,"PASS",true,true,0.052755434066057205,4,false,false,"unified_parameter_gru_v1","RECOMMEND"
"2026-03","DTL_NORM_001","DTL_NORM_001_D001","IDDQ","IDDQ",30,0,"PASS",true,true,0.013256795704364777,5,false,false,"unified_parameter_gru_v1","RECOMMEND"
"2026-03","DTL_NORM_001","DTL_NORM_001_D001","IDDQ","IDDQ",50,0,"PASS",true,true,0.012077245861291885,6,true,false,"unified_parameter_gru_v1","RECOMMEND"
"2026-03","DTL_NORM_001","DTL_NORM_001_D001","IDDQ","IDDQ",35,,"NOT_IN_GATE_SET",false,false,0.008800320327281952,7,false,false,"unified_parameter_gru_v1","RECOMMEND"
"2026-03","DTL_NORM_001","DTL_NORM_001_D001","IDDQ","IDDQ",55,,"NOT_IN_GATE_SET",false,false,0.005848463624715805,8,false,false,"unified_parameter_gru_v1","RECOMMEND"
"2026-03","DTL_NORM_001","DTL_NORM_001_D001","IDDQ","IDDQ",40,,"NOT_IN_GATE_SET",false,false,0.004521287977695465,9,false,false,"unified_parameter_gru_v1","RECOMMEND"
"2026-03","DTL_NORM_001","DTL_NORM_001_D001","IDDQ","IDDQ",45,,"NOT_IN_GATE_SET",false,false,0.0022936835885047913,10,false,false,"unified_parameter_gru_v1","RECOMMEND"
"2026-03","DTL_NORM_001","DTL_NORM_001_D001","SUPPLY_CURRENT","SUPPLY_CURRENT",200,1,"PASS",true,true,1.0167534351348877,1,false,true,"unified_parameter_gru_v1","RECOMMEND"
"2026-03","DTL_NORM_001","DTL_NORM_001_D001","SUPPLY_CURRENT","SUPPLY_CURRENT",170,1,"PASS",true,true,0.9392862915992737,2,false,false,"unified_parameter_gru_v1","RECOMMEND"
"2026-03","DTL_NORM_001","DTL_NORM_001_D001","SUPPLY_CURRENT","SUPPLY_CURRENT",150,0.7916666666666666,"PASS",true,true,0.7795698642730713,3,false,false,"unified_parameter_gru_v1","RECOMMEND"
"2026-03","DTL_NORM_001","DTL_NORM_001_D001","SUPPLY_CURRENT","SUPPLY_CURRENT",140,0.6666666666666666,"PASS",true,true,0.4983888566493988,4,false,false,"unified_parameter_gru_v1","RECOMMEND"
"2026-03","DTL_NORM_001","DTL_NORM_001_D001","SUPPLY_CURRENT","SUPPLY_CURRENT",130,0.2083333333333333,"PASS",true,true,0.23961082100868225,5,false,false,"unified_parameter_gru_v1","RECOMMEND"
"2026-03","DTL_NORM_001","DTL_NORM_001_D001","SUPPLY_CURRENT","SUPPLY_CURRENT",120,0,"PASS",true,true,0.07632261514663696,6,true,false,"unified_parameter_gru_v1","RECOMMEND"
"2026-03","DTL_NORM_001","DTL_NORM_001_D001","SUPPLY_CURRENT","SUPPLY_CURRENT",90,,"NOT_IN_GATE_SET",false,false,-0.015507541596889496,7,false,false,"unified_parameter_gru_v1","RECOMMEND"
"2026-03","DTL_NORM_001","DTL_NORM_001_D001","SUPPLY_CURRENT","SUPPLY_CURRENT",100,,"NOT_IN_GATE_SET",false,false,-0.0170803964138031,8,false,false,"unified_parameter_gru_v1","RECOMMEND"
"2026-03","DTL_NORM_001","DTL_NORM_001_D001","SUPPLY_CURRENT","SUPPLY_CURRENT",110,,"NOT_IN_GATE_SET",false,false,-0.020218946039676666,9,false,false,"unified_parameter_gru_v1","RECOMMEND"
"2026-03","DTL_NORM_001","DTL_NORM_001_D001","CONTACT_RESISTANCE","CONTACT_RESISTANCE",10,1,"PASS",true,true,0.9719255566596985,1,false,true,"unified_parameter_gru_v1","RECOMMEND"
"2026-03","DTL_NORM_001","DTL_NORM_001_D001","CONTACT_RESISTANCE","CONTACT_RESISTANCE",8,0.875,"PASS",true,true,0.8822410106658936,2,false,false,"unified_parameter_gru_v1","RECOMMEND"
"2026-03","DTL_NORM_001","DTL_NORM_001_D001","CONTACT_RESISTANCE","CONTACT_RESISTANCE",7,0.6666666666666666,"PASS",true,true,0.7601919174194336,3,false,false,"unified_parameter_gru_v1","RECOMMEND"
"2026-03","DTL_NORM_001","DTL_NORM_001_D001","CONTACT_RESISTANCE","CONTACT_RESISTANCE",6,0.125,"PASS",true,true,0.3517134487628937,4,false,false,"unified_parameter_gru_v1","RECOMMEND"
"2026-03","DTL_NORM_001","DTL_NORM_001_D001","CONTACT_RESISTANCE","CONTACT_RESISTANCE",5.5,0.0833333333333333,"PASS",true,true,0.17929607629776,5,false,false,"unified_parameter_gru_v1","RECOMMEND"
"2026-03","DTL_NORM_001","DTL_NORM_001_D001","CONTACT_RESISTANCE","CONTACT_RESISTANCE",5,0,"PASS",true,true,0.10533960163593292,6,true,false,"unified_parameter_gru_v1","RECOMMEND"
"2026-03","DTL_NORM_001","DTL_NORM_001_D001","CONTACT_RESISTANCE","CONTACT_RESISTANCE",3.5,,"NOT_IN_GATE_SET",false,false,0.011010084301233292,7,false,false,"unified_parameter_gru_v1","RECOMMEND"
"2026-03","DTL_NORM_001","DTL_NORM_001_D001","CONTACT_RESISTANCE","CONTACT_RESISTANCE",4,,"NOT_IN_GATE_SET",false,false,0.010733164846897125,8,false,false,"unified_parameter_gru_v1","RECOMMEND"
"2026-03","DTL_NORM_001","DTL_NORM_001_D001","CONTACT_RESISTANCE","CONTACT_RESISTANCE",4.5,,"NOT_IN_GATE_SET",false,false,0.009361021220684052,9,false,false,"unified_parameter_gru_v1","RECOMMEND"
"2026-03","DTL_NORM_001","DTL_NORM_001_D001","INTERCONNECT_RESISTANCE","INTERCONNECT_RESISTANCE",25,0.9583333333333334,"PASS",true,true,0.8818213939666748,1,false,true,"unified_parameter_gru_v1","RECOMMEND"
"2026-03","DTL_NORM_001","DTL_NORM_001_D001","INTERCONNECT_RESISTANCE","INTERCONNECT_RESISTANCE",20,0.75,"PASS",true,true,0.6315332055091858,2,false,false,"unified_parameter_gru_v1","RECOMMEND"
"2026-03","DTL_NORM_001","DTL_NORM_001_D001","INTERCONNECT_RESISTANCE","INTERCONNECT_RESISTANCE",18,0.375,"PASS",true,true,0.39617055654525757,3,false,false,"unified_parameter_gru_v1","RECOMMEND"
"2026-03","DTL_NORM_001","DTL_NORM_001_D001","INTERCONNECT_RESISTANCE","INTERCONNECT_RESISTANCE",16,0.0416666666666666,"PASS",true,true,0.16278743743896484,4,false,false,"unified_parameter_gru_v1","RECOMMEND"
"2026-03","DTL_NORM_001","DTL_NORM_001_D001","INTERCONNECT_RESISTANCE","INTERCONNECT_RESISTANCE",15,0,"PASS",true,true,0.08807574957609177,5,true,false,"unified_parameter_gru_v1","RECOMMEND"
"2026-03","DTL_NORM_001","DTL_NORM_001_D001","INTERCONNECT_RESISTANCE","INTERCONNECT_RESISTANCE",14,,"NOT_IN_GATE_SET",false,false,-0.0005246177315711975,6,false,false,"unified_parameter_gru_v1","RECOMMEND"
"2026-03","DTL_NORM_001","DTL_NORM_001_D001","INTERCONNECT_RESISTANCE","INTERCONNECT_RESISTANCE",11,,"NOT_IN_GATE_SET",false,false,-0.0029258951544761658,7,false,false,"unified_parameter_gru_v1","RECOMMEND"
"2026-03","DTL_NORM_001","DTL_NORM_001_D001","INTERCONNECT_RESISTANCE","INTERCONNECT_RESISTANCE",12,,"NOT_IN_GATE_SET",false,false,-0.003962032496929169,8,false,false,"unified_parameter_gru_v1","RECOMMEND"
"2026-03","DTL_NORM_001","DTL_NORM_001_D001","INTERCONNECT_RESISTANCE","INTERCONNECT_RESISTANCE",13,,"NOT_IN_GATE_SET",false,false,-0.00396767258644104,9,false,false,"unified_parameter_gru_v1","RECOMMEND"
"2026-03","DTL_NORM_001","DTL_NORM_001_D001","ON_RESISTANCE","ON_RESISTANCE",50,1,"PASS",true,true,0.9357576370239258,1,false,true,"unified_parameter_gru_v1","RECOMMEND"
"2026-03","DTL_NORM_001","DTL_NORM_001_D001","ON_RESISTANCE","ON_RESISTANCE",40,0.9583333333333334,"PASS",true,true,0.9049167037010193,2,false,false,"unified_parameter_gru_v1","RECOMMEND"
"2026-03","DTL_NORM_001","DTL_NORM_001_D001","ON_RESISTANCE","ON_RESISTANCE",35,0.9166666666666666,"PASS",true,true,0.8219873905181885,3,false,false,"unified_parameter_gru_v1","RECOMMEND"
"2026-03","DTL_NORM_001","DTL_NORM_001_D001","ON_RESISTANCE","ON_RESISTANCE",30,0.4166666666666667,"PASS",true,true,0.4498252868652344,4,false,false,"unified_parameter_gru_v1","RECOMMEND"
"2026-03","DTL_NORM_001","DTL_NORM_001_D001","ON_RESISTANCE","ON_RESISTANCE",28,0.125,"PASS",true,true,0.28863006830215454,5,false,false,"unified_parameter_gru_v1","RECOMMEND"
"2026-03","DTL_NORM_001","DTL_NORM_001_D001","ON_RESISTANCE","ON_RESISTANCE",25,0,"PASS",true,true,0.09365077316761017,6,true,false,"unified_parameter_gru_v1","RECOMMEND"
"2026-03","DTL_NORM_001","DTL_NORM_001_D001","ON_RESISTANCE","ON_RESISTANCE",18,,"NOT_IN_GATE_SET",false,false,-0.013513006269931793,7,false,false,"unified_parameter_gru_v1","RECOMMEND"
"2026-03","DTL_NORM_001","DTL_NORM_001_D001","ON_RESISTANCE","ON_RESISTANCE",20,,"NOT_IN_GATE_SET",false,false,-0.016438279300928116,8,false,false,"unified_parameter_gru_v1","RECOMMEND"
"2026-03","DTL_NORM_001","DTL_NORM_001_D001","ON_RESISTANCE","ON_RESISTANCE",22,,"NOT_IN_GATE_SET",false,false,-0.01895337551832199,9,false,false,"unified_parameter_gru_v1","RECOMMEND"
