"parameter","parameter_display","jan_recommendation","feb_recommendation","mar_recommendation","recommendation_changed","jan_yield","feb_yield","mar_yield","jan_ml_rank","feb_ml_rank","mar_ml_rank","jan_decision","feb_decision","mar_decision","model_used"
"ir_drop","IR_DROP_MV",50,72,55,true,1,1,1,1,1,1,"RECOMMEND","RECOMMEND","RECOMMEND","core_gru_temporal_v1"
"thermal","THERMAL_C",92,92,92,false,1,1,1,1,1,1,"RECOMMEND","RECOMMEND","RECOMMEND","core_gru_temporal_v1"
"VMIN","VMIN",1,1,1,false,0.9166666666666666,0.5833333333333334,0.7083333333333334,1,1,1,"RECOMMEND","RECOMMEND","RECOMMEND","unified_parameter_gru_v1"
"VMAX","VMAX",1.05,1.05,1.05,false,0.8333333333333334,0.375,0.2916666666666667,1,1,1,"RECOMMEND","RECOMMEND","RECOMMEND","unified_parameter_gru_v1"
"IDDQ","IDDQ",100,100,100,false,1,0.9583333333333334,0.9583333333333334,1,1,1,"RECOMMEND","RECOMMEND","RECOMMEND","unified_parameter_gru_v1"
"SUPPLY_CURRENT","SUPPLY_CURRENT",200,200,200,false,1,1,1,1,1,1,"RECOMMEND","RECOMMEND","RECOMMEND","unified_parameter_gru_v1"
"CONTACT_RESISTANCE","CONTACT_RESISTANCE",10,10,10,false,1,1,1,1,1,1,"RECOMMEND","RECOMMEND","RECOMMEND","unified_parameter_gru_v1"
"INTERCONNECT_RESISTANCE","INTERCONNECT_RESISTANCE",25,25,25,false,1,1,0.9583333333333334,1,1,1,"RECOMMEND","RECOMMEND","RECOMMEND","unified_parameter_gru_v1"
"ON_RESISTANCE","ON_RESISTANCE",50,50,50,false,1,1,1,1,1,1,"RECOMMEND","RECOMMEND","RECOMMEND","unified_parameter_gru_v1"
