Point_ID,Lot_ID,Wafer_ID,Die_ID,VDD_V,Frequency_GHz,Temperature_C,Current_mA,Timing_ns,Leakage_mA,Test_Time_ms,March_Algorithm,Memory_Instance,Memory_Address,Test_ID,Test_Result,Failure_Code,Margin_GHz
1,LOT_B001,W002,D0002,0.7,0.62,85,63.205,1.1599,1.5093,1.639,MARCH_SS,SRAM_BANK_0,NA,MBIST_RUN,PASS,NA,0.35
2,LOT_B001,W002,D0002,0.7,0.657,85,63.173,1.1063,1.411,1.646,MATS_PLUS,SRAM_BANK_0,NA,MBIST_RUN,PASS,NA,0.3132
3,LOT_B001,W002,D0002,0.7,0.694,85,63.412,1.0188,1.3195,1.753,MARCH_Y,SRAM_BANK_1,NA,MBIST_RUN,PASS,NA,0.2763
4,LOT_B001,W002,D0002,0.7,0.731,85,62.702,0.9782,1.4012,1.796,MARCH_B,SRAM_BANK_1,NA,MBIST_RUN,PASS,NA,0.2395
5,LOT_B001,W002,D0002,0.7,0.767,85,63.74,0.924,1.4139,1.752,MARCH_C_MINUS,SRAM_BANK_1,NA,MBIST_RUN,PASS,NA,0.2026
6,LOT_B001,W002,D0002,0.7,0.804,85,63.033,0.9048,1.4808,1.71,MARCH_SS,CACHE_L1,NA,MBIST_RUN,PASS,NA,0.1658
7,LOT_B001,W002,D0002,0.7,0.841,85,64.208,0.8455,1.5233,1.678,MATS_PLUS,CACHE_L1,NA,MBIST_RUN,PASS,NA,0.1289
8,LOT_B001,W002,D0002,0.7,0.878,85,68.691,0.8321,1.475,1.83,MARCH_Y,CACHE_L1,NA,MBIST_RUN,PASS,NA,0.0921
9,LOT_B001,W002,D0002,0.7,0.915,85,64.644,0.7841,1.3392,1.807,MARCH_B,CACHE_L2,NA,MBIST_RUN,PASS,NA,0.0553
10,LOT_B001,W002,D0002,0.7,0.952,85,63.093,0.7478,1.3671,1.801,MARCH_C_MINUS,CACHE_L2,NA,MBIST_RUN,PASS,NA,0.0184
11,LOT_B001,W002,D0002,0.7,0.988,85,64.392,0.7346,1.54,1.793,MARCH_SS,CACHE_L2,0x9704,MBIST_RUN,FAIL,FREQ_MARGIN,-0.0184
12,LOT_B001,W002,D0002,0.7,1.025,85,66.019,0.7082,1.3858,1.693,MATS_PLUS,REGFILE_A,0x2E3D,MBIST_RUN,FAIL,FREQ_MARGIN,-0.0553
13,LOT_B001,W002,D0002,0.7,1.062,85,67.766,0.6689,1.5243,1.718,MARCH_Y,REGFILE_A,0xBA64,MBIST_RUN,FAIL,FREQ_MARGIN,-0.0921
14,LOT_B001,W002,D0002,0.7,1.099,85,64.891,0.663,1.4083,1.71,MARCH_B,REGFILE_A,0xDEB2,MBIST_RUN,FAIL,FREQ_MARGIN,-0.1289
15,LOT_B001,W002,D0002,0.7,1.136,85,66.717,0.6309,1.4648,1.827,MARCH_C_MINUS,SRAM_BANK_0,0x9D96,MBIST_RUN,FAIL,FREQ_MARGIN,-0.1658
16,LOT_B001,W002,D0002,0.7,1.173,85,68.19,0.6369,1.5873,1.82,MARCH_SS,SRAM_BANK_0,0xAAA9,MBIST_RUN,FAIL,FREQ_MARGIN,-0.2026
17,LOT_B001,W002,D0002,0.7,1.209,85,67.928,0.6069,1.4781,1.647,MATS_PLUS,SRAM_BANK_0,0xBF1D,MBIST_RUN,FAIL,FREQ_MARGIN,-0.2395
18,LOT_B001,W002,D0002,0.7,1.246,85,66.954,0.5852,1.4313,1.827,MARCH_Y,SRAM_BANK_1,0x7580,MBIST_RUN,FAIL,FREQ_MARGIN,-0.2763
19,LOT_B001,W002,D0002,0.7,1.283,85,67.177,0.5465,1.4812,1.602,MARCH_B,SRAM_BANK_1,0x55C7,MBIST_RUN,FAIL,FREQ_MARGIN,-0.3132
20,LOT_B001,W002,D0002,0.7,1.32,85,66.095,0.5749,1.3698,1.661,MARCH_C_MINUS,SRAM_BANK_1,0x1F3A,MBIST_RUN,FAIL,FREQ_MARGIN,-0.35
21,LOT_B001,W002,D0002,0.719,0.689,85,63.814,1.0248,1.4544,1.843,MARCH_SS,CACHE_L1,NA,MBIST_RUN,PASS,NA,0.35
22,LOT_B001,W002,D0002,0.719,0.726,85,60.908,0.9917,1.5347,1.613,MATS_PLUS,CACHE_L1,NA,MBIST_RUN,PASS,NA,0.3132
23,LOT_B001,W002,D0002,0.719,0.763,85,64.797,0.9414,1.4839,1.722,MARCH_Y,CACHE_L1,NA,MBIST_RUN,PASS,NA,0.2763
24,LOT_B001,W002,D0002,0.719,0.8,85,66.09,0.9081,1.5932,1.692,MARCH_B,CACHE_L2,NA,MBIST_RUN,PASS,NA,0.2395
25,LOT_B001,W002,D0002,0.719,0.836,85,66.778,0.8748,1.4594,1.809,MARCH_C_MINUS,CACHE_L2,NA,MBIST_RUN,PASS,NA,0.2026
26,LOT_B001,W002,D0002,0.719,0.873,85,63.479,0.8189,1.5379,1.769,MARCH_SS,CACHE_L2,0x87C2,MBIST_RUN,FAIL,COUPLING_FAULT,0.1658
27,LOT_B001,W002,D0002,0.719,0.91,85,64.455,0.8021,1.5641,1.809,MATS_PLUS,REGFILE_A,NA,MBIST_RUN,PASS,NA,0.1289
28,LOT_B001,W002,D0002,0.719,0.947,85,67.308,0.7691,1.5463,1.774,MARCH_Y,REGFILE_A,0xD88F,MBIST_RUN,FAIL,RETENTION_FAULT,0.0921
29,LOT_B001,W002,D0002,0.719,0.984,85,66.19,0.745,1.4013,1.623,MARCH_B,REGFILE_A,NA,MBIST_RUN,PASS,NA,0.0553
30,LOT_B001,W002,D0002,0.719,1.021,85,63.984,0.7174,1.6338,1.824,MARCH_C_MINUS,SRAM_BANK_0,NA,MBIST_RUN,PASS,NA,0.0184
31,LOT_B001,W002,D0002,0.719,1.057,85,66.814,0.6844,1.4755,1.64,MARCH_SS,SRAM_BANK_0,0xA5A5,MBIST_RUN,FAIL,FREQ_MARGIN,-0.0184
32,LOT_B001,W002,D0002,0.719,1.094,85,68.014,0.6759,1.5752,1.843,MATS_PLUS,SRAM_BANK_0,0x0B91,MBIST_RUN,FAIL,FREQ_MARGIN,-0.0553
33,LOT_B001,W002,D0002,0.719,1.131,85,67.29,0.6244,1.6138,1.656,MARCH_Y,SRAM_BANK_1,0x60A0,MBIST_RUN,FAIL,FREQ_MARGIN,-0.0921
34,LOT_B001,W002,D0002,0.719,1.168,85,67.315,0.6126,1.4929,1.786,MARCH_B,SRAM_BANK_1,0x84C2,MBIST_RUN,FAIL,FREQ_MARGIN,-0.1289
35,LOT_B001,W002,D0002,0.719,1.205,85,68.851,0.6166,1.5103,1.666,MARCH_C_MINUS,SRAM_BANK_1,0x1AED,MBIST_RUN,FAIL,FREQ_MARGIN,-0.1658
36,LOT_B001,W002,D0002,0.719,1.242,85,68.386,0.5805,1.6027,1.709,MARCH_SS,CACHE_L1,0xBD14,MBIST_RUN,FAIL,FREQ_MARGIN,-0.2026
37,LOT_B001,W002,D0002,0.719,1.278,85,72.309,0.5641,1.4174,1.781,MATS_PLUS,CACHE_L1,0xB292,MBIST_RUN,FAIL,FREQ_MARGIN,-0.2395
38,LOT_B001,W002,D0002,0.719,1.315,85,70.721,0.5514,1.3872,1.821,MARCH_Y,CACHE_L1,0x7F7B,MBIST_RUN,FAIL,FREQ_MARGIN,-0.2763
39,LOT_B001,W002,D0002,0.719,1.352,85,69.506,0.5318,1.4621,1.813,MARCH_B,CACHE_L2,0xCCFF,MBIST_RUN,FAIL,FREQ_MARGIN,-0.3132
40,LOT_B001,W002,D0002,0.719,1.389,85,65.614,0.5157,1.6176,1.833,MARCH_C_MINUS,CACHE_L2,0xCAAD,MBIST_RUN,FAIL,FREQ_MARGIN,-0.35
41,LOT_B001,W002,D0002,0.738,0.758,85,64.869,0.9418,1.6908,1.785,MARCH_SS,CACHE_L2,NA,MBIST_RUN,PASS,NA,0.35
42,LOT_B001,W002,D0002,0.738,0.795,85,63.379,0.9197,1.6786,1.803,MATS_PLUS,REGFILE_A,NA,MBIST_RUN,PASS,NA,0.3132
43,LOT_B001,W002,D0002,0.738,0.832,85,65.884,0.9042,1.6519,1.775,MARCH_Y,REGFILE_A,NA,MBIST_RUN,PASS,NA,0.2763
44,LOT_B001,W002,D0002,0.738,0.869,85,64.934,0.8366,1.5444,1.745,MARCH_B,REGFILE_A,NA,MBIST_RUN,PASS,NA,0.2395
45,LOT_B001,W002,D0002,0.738,0.905,85,65.642,0.7899,1.4632,1.748,MARCH_C_MINUS,SRAM_BANK_0,NA,MBIST_RUN,PASS,NA,0.2026
46,LOT_B001,W002,D0002,0.738,0.942,85,65.288,0.775,1.6114,1.792,MARCH_SS,SRAM_BANK_0,NA,MBIST_RUN,PASS,NA,0.1658
47,LOT_B001,W002,D0002,0.738,0.979,85,67.115,0.7227,1.7974,1.759,MATS_PLUS,SRAM_BANK_0,NA,MBIST_RUN,PASS,NA,0.1289
48,LOT_B001,W002,D0002,0.738,1.016,85,63.548,0.7106,1.5533,1.71,MARCH_Y,SRAM_BANK_1,NA,MBIST_RUN,PASS,NA,0.0921
49,LOT_B001,W002,D0002,0.738,1.053,85,65.722,0.7005,1.5795,1.663,MARCH_B,SRAM_BANK_1,NA,MBIST_RUN,PASS,NA,0.0553
50,LOT_B001,W002,D0002,0.738,1.09,85,69.823,0.6649,1.5054,1.839,MARCH_C_MINUS,SRAM_BANK_1,NA,MBIST_RUN,PASS,NA,0.0184
51,LOT_B001,W002,D0002,0.738,1.126,85,68.036,0.6557,1.5001,1.662,MARCH_SS,CACHE_L1,NA,MBIST_RUN,PASS,NA,-0.0184
52,LOT_B001,W002,D0002,0.738,1.163,85,69.665,0.6119,1.6417,1.719,MATS_PLUS,CACHE_L1,0xA8D9,MBIST_RUN,FAIL,FREQ_MARGIN,-0.0553
53,LOT_B001,W002,D0002,0.738,1.2,85,69.108,0.6059,1.5677,1.762,MARCH_Y,CACHE_L1,0x96F9,MBIST_RUN,FAIL,FREQ_MARGIN,-0.0921
54,LOT_B001,W002,D0002,0.738,1.237,85,70.669,0.5953,1.596,1.756,MARCH_B,CACHE_L2,0x89B9,MBIST_RUN,FAIL,FREQ_MARGIN,-0.1289
55,LOT_B001,W002,D0002,0.738,1.274,85,73.429,0.5661,1.684,1.836,MARCH_C_MINUS,CACHE_L2,0x7901,MBIST_RUN,FAIL,FREQ_MARGIN,-0.1658
56,LOT_B001,W002,D0002,0.738,1.311,85,69.048,0.5455,1.6153,1.697,MARCH_SS,CACHE_L2,0x897B,MBIST_RUN,FAIL,FREQ_MARGIN,-0.2026
57,LOT_B001,W002,D0002,0.738,1.347,85,69.579,0.5316,1.6419,1.805,MATS_PLUS,REGFILE_A,0xB4A7,MBIST_RUN,FAIL,FREQ_MARGIN,-0.2395
58,LOT_B001,W002,D0002,0.738,1.384,85,68.803,0.5222,1.677,1.606,MARCH_Y,REGFILE_A,0x01A1,MBIST_RUN,FAIL,FREQ_MARGIN,-0.2763
59,LOT_B001,W002,D0002,0.738,1.421,85,69.785,0.4895,1.5228,1.834,MARCH_B,REGFILE_A,0x1D77,MBIST_RUN,FAIL,FREQ_MARGIN,-0.3132
60,LOT_B001,W002,D0002,0.738,1.458,85,71.342,0.5001,1.5399,1.788,MARCH_C_MINUS,SRAM_BANK_0,0xB8BF,MBIST_RUN,FAIL,FREQ_MARGIN,-0.35
61,LOT_B001,W002,D0002,0.758,0.827,85,67.97,0.8759,1.6572,1.745,MARCH_SS,SRAM_BANK_0,NA,MBIST_RUN,PASS,NA,0.35
62,LOT_B001,W002,D0002,0.758,0.864,85,66.119,0.8442,1.7478,1.785,MATS_PLUS,SRAM_BANK_0,NA,MBIST_RUN,PASS,NA,0.3132
63,LOT_B001,W002,D0002,0.758,0.901,85,65.203,0.786,1.6606,1.697,MARCH_Y,SRAM_BANK_1,NA,MBIST_RUN,PASS,NA,0.2763
64,LOT_B001,W002,D0002,0.758,0.938,85,65.553,0.765,1.6537,1.839,MARCH_B,SRAM_BANK_1,NA,MBIST_RUN,PASS,NA,0.2395
65,LOT_B001,W002,D0002,0.758,0.974,85,66.432,0.7592,1.6184,1.623,MARCH_C_MINUS,SRAM_BANK_1,NA,MBIST_RUN,PASS,NA,0.2026
66,LOT_B001,W002,D0002,0.758,1.011,85,68.712,0.7334,1.6592,1.833,MARCH_SS,CACHE_L1,NA,MBIST_RUN,PASS,NA,0.1658
67,LOT_B001,W002,D0002,0.758,1.048,85,70.042,0.691,1.6939,1.81,MATS_PLUS,CACHE_L1,NA,MBIST_RUN,PASS,NA,0.1289
68,LOT_B001,W002,D0002,0.758,1.085,85,65.457,0.6598,1.7575,1.637,MARCH_Y,CACHE_L1,NA,MBIST_RUN,PASS,NA,0.0921
69,LOT_B001,W002,D0002,0.758,1.122,85,65.539,0.6427,1.7715,1.82,MARCH_B,CACHE_L2,NA,MBIST_RUN,PASS,NA,0.0553
70,LOT_B001,W002,D0002,0.758,1.159,85,68.641,0.6196,1.5472,1.777,MARCH_C_MINUS,CACHE_L2,NA,MBIST_RUN,PASS,NA,0.0184
71,LOT_B001,W002,D0002,0.758,1.195,85,64.991,0.5988,1.6051,1.683,MARCH_SS,CACHE_L2,0x3C7D,MBIST_RUN,FAIL,FREQ_MARGIN,-0.0184
72,LOT_B001,W002,D0002,0.758,1.232,85,68.342,0.5842,1.6321,1.63,MATS_PLUS,REGFILE_A,0x333C,MBIST_RUN,FAIL,FREQ_MARGIN,-0.0553
73,LOT_B001,W002,D0002,0.758,1.269,85,69.922,0.5747,1.5983,1.7,MARCH_Y,REGFILE_A,0x85FB,MBIST_RUN,FAIL,FREQ_MARGIN,-0.0921
74,LOT_B001,W002,D0002,0.758,1.306,85,70.42,0.5473,1.7046,1.618,MARCH_B,REGFILE_A,0x64E2,MBIST_RUN,FAIL,FREQ_MARGIN,-0.1289
75,LOT_B001,W002,D0002,0.758,1.343,85,68.972,0.5384,1.6489,1.674,MARCH_C_MINUS,SRAM_BANK_0,0xCE00,MBIST_RUN,FAIL,FREQ_MARGIN,-0.1658
76,LOT_B001,W002,D0002,0.758,1.38,85,71.775,0.54,1.6778,1.755,MARCH_SS,SRAM_BANK_0,0x7407,MBIST_RUN,FAIL,FREQ_MARGIN,-0.2026
77,LOT_B001,W002,D0002,0.758,1.416,85,70.963,0.4979,1.5784,1.666,MATS_PLUS,SRAM_BANK_0,0x9364,MBIST_RUN,FAIL,FREQ_MARGIN,-0.2395
78,LOT_B001,W002,D0002,0.758,1.453,85,71.077,0.5142,1.7627,1.771,MARCH_Y,SRAM_BANK_1,0x439C,MBIST_RUN,FAIL,FREQ_MARGIN,-0.2763
79,LOT_B001,W002,D0002,0.758,1.49,85,70.675,0.4897,1.7491,1.621,MARCH_B,SRAM_BANK_1,0xE31D,MBIST_RUN,FAIL,FREQ_MARGIN,-0.3132
80,LOT_B001,W002,D0002,0.758,1.527,85,71.043,0.4687,1.7103,1.695,MARCH_C_MINUS,SRAM_BANK_1,0x4F55,MBIST_RUN,FAIL,FREQ_MARGIN,-0.35
81,LOT_B001,W002,D0002,0.777,0.896,85,66.973,0.8159,1.7887,1.734,MARCH_SS,CACHE_L1,NA,MBIST_RUN,PASS,NA,0.35
82,LOT_B001,W002,D0002,0.777,0.933,85,67.359,0.7738,1.8989,1.789,MATS_PLUS,CACHE_L1,NA,MBIST_RUN,PASS,NA,0.3132
83,LOT_B001,W002,D0002,0.777,0.97,85,65.148,0.7361,1.7187,1.669,MARCH_Y,CACHE_L1,NA,MBIST_RUN,PASS,NA,0.2763
84,LOT_B001,W002,D0002,0.777,1.007,85,67.969,0.7128,1.493,1.808,MARCH_B,CACHE_L2,NA,MBIST_RUN,PASS,NA,0.2395
85,LOT_B001,W002,D0002,0.777,1.043,85,69.169,0.6844,1.8043,1.72,MARCH_C_MINUS,CACHE_L2,NA,MBIST_RUN,PASS,NA,0.2026
86,LOT_B001,W002,D0002,0.777,1.08,85,70.154,0.6626,1.8632,1.826,MARCH_SS,CACHE_L2,NA,MBIST_RUN,PASS,NA,0.1658
87,LOT_B001,W002,D0002,0.777,1.117,85,68.434,0.647,1.8371,1.623,MATS_PLUS,REGFILE_A,NA,MBIST_RUN,PASS,NA,0.1289
88,LOT_B001,W002,D0002,0.777,1.154,85,69.188,0.6412,1.8405,1.674,MARCH_Y,REGFILE_A,NA,MBIST_RUN,PASS,NA,0.0921
89,LOT_B001,W002,D0002,0.777,1.191,85,70.396,0.6111,1.8682,1.792,MARCH_B,REGFILE_A,NA,MBIST_RUN,PASS,NA,0.0553
90,LOT_B001,W002,D0002,0.777,1.228,85,66.953,0.5986,1.8013,1.685,MARCH_C_MINUS,SRAM_BANK_0,0x186E,MBIST_RUN,FAIL,FREQ_MARGIN,0.0184
91,LOT_B001,W002,D0002,0.777,1.264,85,67.88,0.5743,1.831,1.718,MARCH_SS,SRAM_BANK_0,0x105C,MBIST_RUN,FAIL,FREQ_MARGIN,-0.0184
92,LOT_B001,W002,D0002,0.777,1.301,85,69.941,0.5568,1.8205,1.686,MATS_PLUS,SRAM_BANK_0,0x92A9,MBIST_RUN,FAIL,FREQ_MARGIN,-0.0553
93,LOT_B001,W002,D0002,0.777,1.338,85,69.961,0.5277,1.7269,1.726,MARCH_Y,SRAM_BANK_1,0xB72C,MBIST_RUN,FAIL,FREQ_MARGIN,-0.0921
94,LOT_B001,W002,D0002,0.777,1.375,85,69.478,0.5209,1.9284,1.728,MARCH_B,SRAM_BANK_1,0xB06A,MBIST_RUN,FAIL,FREQ_MARGIN,-0.1289
95,LOT_B001,W002,D0002,0.777,1.412,85,71.988,0.5038,1.7123,1.652,MARCH_C_MINUS,SRAM_BANK_1,0x427E,MBIST_RUN,FAIL,FREQ_MARGIN,-0.1658
96,LOT_B001,W002,D0002,0.777,1.449,85,70.953,0.4976,1.7866,1.78,MARCH_SS,CACHE_L1,0x9A99,MBIST_RUN,FAIL,FREQ_MARGIN,-0.2026
97,LOT_B001,W002,D0002,0.777,1.485,85,72.165,0.4878,2.0175,1.627,MATS_PLUS,CACHE_L1,0x9DF9,MBIST_RUN,FAIL,FREQ_MARGIN,-0.2395
98,LOT_B001,W002,D0002,0.777,1.522,85,69.841,0.4564,1.7947,1.646,MARCH_Y,CACHE_L1,0x0426,MBIST_RUN,FAIL,FREQ_MARGIN,-0.2763
99,LOT_B001,W002,D0002,0.777,1.559,85,70.298,0.4552,1.7094,1.823,MARCH_B,CACHE_L2,0xACD3,MBIST_RUN,FAIL,FREQ_MARGIN,-0.3132
100,LOT_B001,W002,D0002,0.777,1.596,85,68.92,0.4472,1.7474,1.746,MARCH_C_MINUS,CACHE_L2,0x65D5,MBIST_RUN,FAIL,FREQ_MARGIN,-0.35
101,LOT_B001,W002,D0002,0.796,0.965,85,69.901,0.7515,1.7771,1.671,MARCH_SS,CACHE_L2,NA,MBIST_RUN,PASS,NA,0.35
102,LOT_B001,W002,D0002,0.796,1.002,85,69.3,0.7378,1.7482,1.625,MATS_PLUS,REGFILE_A,NA,MBIST_RUN,PASS,NA,0.3132
103,LOT_B001,W002,D0002,0.796,1.039,85,67.518,0.6869,1.8296,1.671,MARCH_Y,REGFILE_A,0x6B36,MBIST_RUN,FAIL,RETENTION_FAULT,0.2763
104,LOT_B001,W002,D0002,0.796,1.076,85,69.696,0.6709,2.0037,1.805,MARCH_B,REGFILE_A,NA,MBIST_RUN,PASS,NA,0.2395
105,LOT_B001,W002,D0002,0.796,1.112,85,69.224,0.6651,1.9595,1.651,MARCH_C_MINUS,SRAM_BANK_0,NA,MBIST_RUN,PASS,NA,0.2026
106,LOT_B001,W002,D0002,0.796,1.149,85,70.05,0.6184,2.0079,1.792,MARCH_SS,SRAM_BANK_0,NA,MBIST_RUN,PASS,NA,0.1658
107,LOT_B001,W002,D0002,0.796,1.186,85,69.404,0.5983,1.8443,1.748,MATS_PLUS,SRAM_BANK_0,NA,MBIST_RUN,PASS,NA,0.1289
108,LOT_B001,W002,D0002,0.796,1.223,85,68.557,0.5674,2.0199,1.65,MARCH_Y,SRAM_BANK_1,NA,MBIST_RUN,PASS,NA,0.0921
109,LOT_B001,W002,D0002,0.796,1.26,85,69.1,0.5742,1.8544,1.752,MARCH_B,SRAM_BANK_1,NA,MBIST_RUN,PASS,NA,0.0553
110,LOT_B001,W002,D0002,0.796,1.297,85,69.949,0.5569,1.8962,1.702,MARCH_C_MINUS,SRAM_BANK_1,NA,MBIST_RUN,PASS,NA,0.0184
111,LOT_B001,W002,D0002,0.796,1.333,85,69.801,0.5275,1.8748,1.612,MARCH_SS,CACHE_L1,0x555C,MBIST_RUN,FAIL,FREQ_MARGIN,-0.0184
112,LOT_B001,W002,D0002,0.796,1.37,85,71.364,0.5213,1.8211,1.641,MATS_PLUS,CACHE_L1,0xF804,MBIST_RUN,FAIL,FREQ_MARGIN,-0.0553
113,LOT_B001,W002,D0002,0.796,1.407,85,72.133,0.4988,1.8382,1.747,MARCH_Y,CACHE_L1,0xE991,MBIST_RUN,FAIL,FREQ_MARGIN,-0.0921
114,LOT_B001,W002,D0002,0.796,1.444,85,71.072,0.5116,1.806,1.675,MARCH_B,CACHE_L2,0x5416,MBIST_RUN,FAIL,FREQ_MARGIN,-0.1289
115,LOT_B001,W002,D0002,0.796,1.481,85,74.739,0.4704,1.7633,1.733,MARCH_C_MINUS,CACHE_L2,0xF334,MBIST_RUN,FAIL,FREQ_MARGIN,-0.1658
116,LOT_B001,W002,D0002,0.796,1.518,85,72.39,0.4821,1.7418,1.635,MARCH_SS,CACHE_L2,0x3C0E,MBIST_RUN,FAIL,FREQ_MARGIN,-0.2026
117,LOT_B001,W002,D0002,0.796,1.554,85,72.313,0.4737,1.8985,1.849,MATS_PLUS,REGFILE_A,0x7DB8,MBIST_RUN,FAIL,FREQ_MARGIN,-0.2395
118,LOT_B001,W002,D0002,0.796,1.591,85,70.989,0.4443,1.9809,1.819,MARCH_Y,REGFILE_A,0xAB60,MBIST_RUN,FAIL,FREQ_MARGIN,-0.2763
119,LOT_B001,W002,D0002,0.796,1.628,85,73.052,0.4327,1.7977,1.751,MARCH_B,REGFILE_A,0xF80E,MBIST_RUN,FAIL,FREQ_MARGIN,-0.3132
120,LOT_B001,W002,D0002,0.796,1.665,85,72.549,0.4362,1.9207,1.78,MARCH_C_MINUS,SRAM_BANK_0,0x405E,MBIST_RUN,FAIL,FREQ_MARGIN,-0.35
121,LOT_B001,W002,D0002,0.815,1.034,85,70.643,0.7163,2.0108,1.807,MARCH_SS,SRAM_BANK_0,NA,MBIST_RUN,PASS,NA,0.35
122,LOT_B001,W002,D0002,0.815,1.071,85,68.774,0.6756,1.9208,1.672,MATS_PLUS,SRAM_BANK_0,NA,MBIST_RUN,PASS,NA,0.3132
123,LOT_B001,W002,D0002,0.815,1.108,85,70.379,0.6521,2.0228,1.748,MARCH_Y,SRAM_BANK_1,NA,MBIST_RUN,PASS,NA,0.2763
124,LOT_B001,W002,D0002,0.815,1.145,85,71.339,0.6358,1.903,1.619,MARCH_B,SRAM_BANK_1,NA,MBIST_RUN,PASS,NA,0.2395
125,LOT_B001,W002,D0002,0.815,1.181,85,68.885,0.6045,1.9869,1.683,MARCH_C_MINUS,SRAM_BANK_1,NA,MBIST_RUN,PASS,NA,0.2026
126,LOT_B001,W002,D0002,0.815,1.218,85,68.539,0.5837,1.8267,1.786,MARCH_SS,CACHE_L1,NA,MBIST_RUN,PASS,NA,0.1658
127,LOT_B001,W002,D0002,0.815,1.255,85,71.34,0.5674,1.8801,1.704,MATS_PLUS,CACHE_L1,NA,MBIST_RUN,PASS,NA,0.1289
128,LOT_B001,W002,D0002,0.815,1.292,85,68.377,0.5295,1.9663,1.608,MARCH_Y,CACHE_L1,NA,MBIST_RUN,PASS,NA,0.0921
129,LOT_B001,W002,D0002,0.815,1.329,85,70.719,0.545,1.8578,1.608,MARCH_B,CACHE_L2,NA,MBIST_RUN,PASS,NA,0.0553
130,LOT_B001,W002,D0002,0.815,1.366,85,72.858,0.5203,1.8808,1.653,MARCH_C_MINUS,CACHE_L2,NA,MBIST_RUN,PASS,NA,0.0184
131,LOT_B001,W002,D0002,0.815,1.402,85,72.262,0.5135,2.1355,1.815,MARCH_SS,CACHE_L2,0x543E,MBIST_RUN,FAIL,FREQ_MARGIN,-0.0184
132,LOT_B001,W002,D0002,0.815,1.439,85,71.89,0.5018,1.8992,1.787,MATS_PLUS,REGFILE_A,0x5F7A,MBIST_RUN,FAIL,FREQ_MARGIN,-0.0553
133,LOT_B001,W002,D0002,0.815,1.476,85,71.333,0.4991,2.1339,1.694,MARCH_Y,REGFILE_A,0x1C8F,MBIST_RUN,FAIL,FREQ_MARGIN,-0.0921
134,LOT_B001,W002,D0002,0.815,1.513,85,71.409,0.477,1.933,1.731,MARCH_B,REGFILE_A,0xD3DB,MBIST_RUN,FAIL,FREQ_MARGIN,-0.1289
135,LOT_B001,W002,D0002,0.815,1.55,85,71.928,0.4289,1.9248,1.684,MARCH_C_MINUS,SRAM_BANK_0,0x3036,MBIST_RUN,FAIL,FREQ_MARGIN,-0.1658
136,LOT_B001,W002,D0002,0.815,1.587,85,72.843,0.4591,2.02,1.702,MARCH_SS,SRAM_BANK_0,0xB856,MBIST_RUN,FAIL,FREQ_MARGIN,-0.2026
137,LOT_B001,W002,D0002,0.815,1.623,85,72.978,0.4537,1.8236,1.649,MATS_PLUS,SRAM_BANK_0,0xF6FE,MBIST_RUN,FAIL,FREQ_MARGIN,-0.2395
138,LOT_B001,W002,D0002,0.815,1.66,85,72.871,0.4385,1.8556,1.625,MARCH_Y,SRAM_BANK_1,0x885F,MBIST_RUN,FAIL,FREQ_MARGIN,-0.2763
139,LOT_B001,W002,D0002,0.815,1.697,85,73.972,0.4249,1.8179,1.622,MARCH_B,SRAM_BANK_1,0x1149,MBIST_RUN,FAIL,FREQ_MARGIN,-0.3132
140,LOT_B001,W002,D0002,0.815,1.734,85,71.742,0.4329,1.854,1.695,MARCH_C_MINUS,SRAM_BANK_1,0x91D6,MBIST_RUN,FAIL,FREQ_MARGIN,-0.35
141,LOT_B001,W002,D0002,0.834,1.103,85,71.456,0.6461,2.1271,1.655,MARCH_SS,CACHE_L1,NA,MBIST_RUN,PASS,NA,0.35
142,LOT_B001,W002,D0002,0.834,1.14,85,70.223,0.6219,2.0495,1.646,MATS_PLUS,CACHE_L1,NA,MBIST_RUN,PASS,NA,0.3132
143,LOT_B001,W002,D0002,0.834,1.177,85,73.685,0.584,2.1207,1.701,MARCH_Y,CACHE_L1,NA,MBIST_RUN,PASS,NA,0.2763
144,LOT_B001,W002,D0002,0.834,1.214,85,71.488,0.5813,1.9675,1.825,MARCH_B,CACHE_L2,NA,MBIST_RUN,PASS,NA,0.2395
145,LOT_B001,W002,D0002,0.834,1.25,85,72.512,0.5873,2.0608,1.804,MARCH_C_MINUS,CACHE_L2,NA,MBIST_RUN,PASS,NA,0.2026
146,LOT_B001,W002,D0002,0.834,1.287,85,70.012,0.5593,2.0456,1.78,MARCH_SS,CACHE_L2,0x4155,MBIST_RUN,FAIL,COUPLING_FAULT,0.1658
147,LOT_B001,W002,D0002,0.834,1.324,85,71.831,0.5536,2.1843,1.644,MATS_PLUS,REGFILE_A,NA,MBIST_RUN,PASS,NA,0.1289
148,LOT_B001,W002,D0002,0.834,1.361,85,71.504,0.5371,2.0818,1.612,MARCH_Y,REGFILE_A,0xC56A,MBIST_RUN,FAIL,RETENTION_FAULT,0.0921
149,LOT_B001,W002,D0002,0.834,1.398,85,71.699,0.5272,2.0695,1.753,MARCH_B,REGFILE_A,NA,MBIST_RUN,PASS,NA,0.0553
150,LOT_B001,W002,D0002,0.834,1.435,85,72.139,0.5074,1.9107,1.735,MARCH_C_MINUS,SRAM_BANK_0,NA,MBIST_RUN,PASS,NA,0.0184
151,LOT_B001,W002,D0002,0.834,1.471,85,73.051,0.4865,2.0811,1.719,MARCH_SS,SRAM_BANK_0,0x8848,MBIST_RUN,FAIL,FREQ_MARGIN,-0.0184
152,LOT_B001,W002,D0002,0.834,1.508,85,73.19,0.474,2.2091,1.709,MATS_PLUS,SRAM_BANK_0,0x3426,MBIST_RUN,FAIL,FREQ_MARGIN,-0.0553
153,LOT_B001,W002,D0002,0.834,1.545,85,74.694,0.46,2.0685,1.622,MARCH_Y,SRAM_BANK_1,0xAE4F,MBIST_RUN,FAIL,FREQ_MARGIN,-0.0921
154,LOT_B001,W002,D0002,0.834,1.582,85,74.08,0.4612,2.0959,1.773,MARCH_B,SRAM_BANK_1,0xE2C5,MBIST_RUN,FAIL,FREQ_MARGIN,-0.1289
155,LOT_B001,W002,D0002,0.834,1.619,85,75.837,0.4551,2.0627,1.611,MARCH_C_MINUS,SRAM_BANK_1,0x740F,MBIST_RUN,FAIL,FREQ_MARGIN,-0.1658
156,LOT_B001,W002,D0002,0.834,1.656,85,75.327,0.4362,2.0868,1.843,MARCH_SS,CACHE_L1,0x72D6,MBIST_RUN,FAIL,FREQ_MARGIN,-0.2026
157,LOT_B001,W002,D0002,0.834,1.692,85,75.379,0.4333,2.0458,1.731,MATS_PLUS,CACHE_L1,0x0266,MBIST_RUN,FAIL,FREQ_MARGIN,-0.2395
158,LOT_B001,W002,D0002,0.834,1.729,85,74.833,0.4117,2.0163,1.619,MARCH_Y,CACHE_L1,0xFB24,MBIST_RUN,FAIL,FREQ_MARGIN,-0.2763
159,LOT_B001,W002,D0002,0.834,1.766,85,71.189,0.4206,2.1666,1.801,MARCH_B,CACHE_L2,0xAE03,MBIST_RUN,FAIL,FREQ_MARGIN,-0.3132
160,LOT_B001,W002,D0002,0.834,1.803,85,74.302,0.4098,2.1205,1.754,MARCH_C_MINUS,CACHE_L2,0x3B7D,MBIST_RUN,FAIL,FREQ_MARGIN,-0.35
161,LOT_B001,W002,D0002,0.853,1.172,85,69.068,0.5906,2.1184,1.833,MARCH_SS,CACHE_L2,0xA32D,MBIST_RUN,FAIL,COUPLING_FAULT,0.35
162,LOT_B001,W002,D0002,0.853,1.209,85,72.839,0.5888,2.1127,1.757,MATS_PLUS,REGFILE_A,NA,MBIST_RUN,PASS,NA,0.3132
163,LOT_B001,W002,D0002,0.853,1.246,85,70.631,0.5925,2.2798,1.66,MARCH_Y,REGFILE_A,0x848D,MBIST_RUN,FAIL,RETENTION_FAULT,0.2763
164,LOT_B001,W002,D0002,0.853,1.283,85,72.773,0.5569,2.2068,1.669,MARCH_B,REGFILE_A,NA,MBIST_RUN,PASS,NA,0.2395
165,LOT_B001,W002,D0002,0.853,1.319,85,71.521,0.5369,2.1016,1.747,MARCH_C_MINUS,SRAM_BANK_0,NA,MBIST_RUN,PASS,NA,0.2026
166,LOT_B001,W002,D0002,0.853,1.356,85,73.43,0.533,2.1415,1.809,MARCH_SS,SRAM_BANK_0,NA,MBIST_RUN,PASS,NA,0.1658
167,LOT_B001,W002,D0002,0.853,1.393,85,73.405,0.5118,2.1202,1.839,MATS_PLUS,SRAM_BANK_0,NA,MBIST_RUN,PASS,NA,0.1289
168,LOT_B001,W002,D0002,0.853,1.43,85,73.475,0.5086,2.0535,1.73,MARCH_Y,SRAM_BANK_1,NA,MBIST_RUN,PASS,NA,0.0921
169,LOT_B001,W002,D0002,0.853,1.467,85,74.014,0.5154,2.1621,1.723,MARCH_B,SRAM_BANK_1,NA,MBIST_RUN,PASS,NA,0.0553
170,LOT_B001,W002,D0002,0.853,1.504,85,76.715,0.4722,1.9738,1.668,MARCH_C_MINUS,SRAM_BANK_1,NA,MBIST_RUN,PASS,NA,0.0184
171,LOT_B001,W002,D0002,0.853,1.54,85,72.75,0.4671,2.194,1.784,MARCH_SS,CACHE_L1,0x3CE1,MBIST_RUN,FAIL,FREQ_MARGIN,-0.0184
172,LOT_B001,W002,D0002,0.853,1.577,85,71.329,0.4439,2.2242,1.724,MATS_PLUS,CACHE_L1,0x71C5,MBIST_RUN,FAIL,FREQ_MARGIN,-0.0553
173,LOT_B001,W002,D0002,0.853,1.614,85,75.607,0.4464,2.3026,1.736,MARCH_Y,CACHE_L1,0x67CC,MBIST_RUN,FAIL,FREQ_MARGIN,-0.0921
174,LOT_B001,W002,D0002,0.853,1.651,85,75.417,0.4325,2.2007,1.813,MARCH_B,CACHE_L2,0xFE3A,MBIST_RUN,FAIL,FREQ_MARGIN,-0.1289
175,LOT_B001,W002,D0002,0.853,1.688,85,74.139,0.4171,2.1789,1.647,MARCH_C_MINUS,CACHE_L2,0xF884,MBIST_RUN,FAIL,FREQ_MARGIN,-0.1658
176,LOT_B001,W002,D0002,0.853,1.725,85,74.575,0.4091,2.0983,1.804,MARCH_SS,CACHE_L2,0xBECD,MBIST_RUN,FAIL,FREQ_MARGIN,-0.2026
177,LOT_B001,W002,D0002,0.853,1.761,85,74.209,0.4174,2.2056,1.629,MATS_PLUS,REGFILE_A,0x1B61,MBIST_RUN,FAIL,FREQ_MARGIN,-0.2395
178,LOT_B001,W002,D0002,0.853,1.798,85,76.688,0.422,2.1288,1.79,MARCH_Y,REGFILE_A,0x7249,MBIST_RUN,FAIL,FREQ_MARGIN,-0.2763
179,LOT_B001,W002,D0002,0.853,1.835,85,77.794,0.39,2.0586,1.788,MARCH_B,REGFILE_A,0x4115,MBIST_RUN,FAIL,FREQ_MARGIN,-0.3132
180,LOT_B001,W002,D0002,0.853,1.872,85,76.573,0.3887,2.1385,1.777,MARCH_C_MINUS,SRAM_BANK_0,0xE395,MBIST_RUN,FAIL,FREQ_MARGIN,-0.35
181,LOT_B001,W002,D0002,0.872,1.241,85,71.39,0.5986,2.2136,1.762,MARCH_SS,SRAM_BANK_0,NA,MBIST_RUN,PASS,NA,0.35
182,LOT_B001,W002,D0002,0.872,1.278,85,69.478,0.5773,2.3514,1.663,MATS_PLUS,SRAM_BANK_0,NA,MBIST_RUN,PASS,NA,0.3132
183,LOT_B001,W002,D0002,0.872,1.315,85,73.347,0.5472,2.3644,1.675,MARCH_Y,SRAM_BANK_1,NA,MBIST_RUN,PASS,NA,0.2763
184,LOT_B001,W002,D0002,0.872,1.352,85,73.32,0.5385,2.2217,1.817,MARCH_B,SRAM_BANK_1,NA,MBIST_RUN,PASS,NA,0.2395
185,LOT_B001,W002,D0002,0.872,1.388,85,73.566,0.521,2.233,1.678,MARCH_C_MINUS,SRAM_BANK_1,NA,MBIST_RUN,PASS,NA,0.2026
186,LOT_B001,W002,D0002,0.872,1.425,85,74.959,0.4959,2.1981,1.817,MARCH_SS,CACHE_L1,NA,MBIST_RUN,PASS,NA,0.1658
187,LOT_B001,W002,D0002,0.872,1.462,85,74.263,0.5097,2.4617,1.64,MATS_PLUS,CACHE_L1,NA,MBIST_RUN,PASS,NA,0.1289
188,LOT_B001,W002,D0002,0.872,1.499,85,73.566,0.4685,2.2309,1.799,MARCH_Y,CACHE_L1,NA,MBIST_RUN,PASS,NA,0.0921
189,LOT_B001,W002,D0002,0.872,1.536,85,74.869,0.4663,2.3915,1.662,MARCH_B,CACHE_L2,NA,MBIST_RUN,PASS,NA,0.0553
190,LOT_B001,W002,D0002,0.872,1.573,85,72.163,0.461,2.2961,1.681,MARCH_C_MINUS,CACHE_L2,NA,MBIST_RUN,PASS,NA,0.0184
191,LOT_B001,W002,D0002,0.872,1.609,85,72.508,0.467,2.4175,1.699,MARCH_SS,CACHE_L2,0xEDEE,MBIST_RUN,FAIL,FREQ_MARGIN,-0.0184
192,LOT_B001,W002,D0002,0.872,1.646,85,72.607,0.445,2.3234,1.795,MATS_PLUS,REGFILE_A,0x7587,MBIST_RUN,FAIL,FREQ_MARGIN,-0.0553
193,LOT_B001,W002,D0002,0.872,1.683,85,76.687,0.4362,2.2346,1.721,MARCH_Y,REGFILE_A,0x785B,MBIST_RUN,FAIL,FREQ_MARGIN,-0.0921
194,LOT_B001,W002,D0002,0.872,1.72,85,76.359,0.4364,2.1904,1.688,MARCH_B,REGFILE_A,0xFFA0,MBIST_RUN,FAIL,FREQ_MARGIN,-0.1289
195,LOT_B001,W002,D0002,0.872,1.757,85,75.16,0.4206,2.3111,1.805,MARCH_C_MINUS,SRAM_BANK_0,0x0069,MBIST_RUN,FAIL,FREQ_MARGIN,-0.1658
196,LOT_B001,W002,D0002,0.872,1.794,85,78.261,0.4107,2.2653,1.777,MARCH_SS,SRAM_BANK_0,0xD507,MBIST_RUN,FAIL,FREQ_MARGIN,-0.2026
197,LOT_B001,W002,D0002,0.872,1.83,85,76.676,0.3986,2.3019,1.721,MATS_PLUS,SRAM_BANK_0,0x81CA,MBIST_RUN,FAIL,FREQ_MARGIN,-0.2395
198,LOT_B001,W002,D0002,0.872,1.867,85,76.923,0.3951,2.2447,1.761,MARCH_Y,SRAM_BANK_1,0x5328,MBIST_RUN,FAIL,FREQ_MARGIN,-0.2763
199,LOT_B001,W002,D0002,0.872,1.904,85,76.713,0.366,2.3125,1.763,MARCH_B,SRAM_BANK_1,0x0618,MBIST_RUN,FAIL,FREQ_MARGIN,-0.3132
200,LOT_B001,W002,D0002,0.872,1.941,85,76.86,0.3752,2.3023,1.765,MARCH_C_MINUS,SRAM_BANK_1,0xC132,MBIST_RUN,FAIL,FREQ_MARGIN,-0.35
201,LOT_B001,W002,D0002,0.892,1.31,85,70.805,0.5616,2.3332,1.62,MARCH_SS,CACHE_L1,NA,MBIST_RUN,PASS,NA,0.35
202,LOT_B001,W002,D0002,0.892,1.347,85,71.012,0.5298,2.2648,1.81,MATS_PLUS,CACHE_L1,NA,MBIST_RUN,PASS,NA,0.3132
203,LOT_B001,W002,D0002,0.892,1.384,85,75.058,0.5176,2.4831,1.792,MARCH_Y,CACHE_L1,NA,MBIST_RUN,PASS,NA,0.2763
204,LOT_B001,W002,D0002,0.892,1.421,85,78.313,0.5103,2.5798,1.607,MARCH_B,CACHE_L2,NA,MBIST_RUN,PASS,NA,0.2395
205,LOT_B001,W002,D0002,0.892,1.457,85,76.304,0.4786,2.4777,1.764,MARCH_C_MINUS,CACHE_L2,NA,MBIST_RUN,PASS,NA,0.2026
206,LOT_B001,W002,D0002,0.892,1.494,85,72.33,0.4664,2.472,1.659,MARCH_SS,CACHE_L2,NA,MBIST_RUN,PASS,NA,0.1658
207,LOT_B001,W002,D0002,0.892,1.531,85,77.026,0.4549,2.2615,1.728,MATS_PLUS,REGFILE_A,NA,MBIST_RUN,PASS,NA,0.1289
208,LOT_B001,W002,D0002,0.892,1.568,85,73.779,0.4578,2.3008,1.701,MARCH_Y,REGFILE_A,NA,MBIST_RUN,PASS,NA,0.0921
209,LOT_B001,W002,D0002,0.892,1.605,85,77.847,0.4575,2.3938,1.678,MARCH_B,REGFILE_A,NA,MBIST_RUN,PASS,NA,0.0553
210,LOT_B001,W002,D0002,0.892,1.642,85,76.995,0.4356,2.3737,1.75,MARCH_C_MINUS,SRAM_BANK_0,NA,MBIST_RUN,PASS,NA,0.0184
211,LOT_B001,W002,D0002,0.892,1.678,85,73.61,0.4234,2.407,1.711,MARCH_SS,SRAM_BANK_0,0x2A4F,MBIST_RUN,FAIL,FREQ_MARGIN,-0.0184
212,LOT_B001,W002,D0002,0.892,1.715,85,72.871,0.4223,2.3516,1.662,MATS_PLUS,SRAM_BANK_0,0x36AA,MBIST_RUN,FAIL,FREQ_MARGIN,-0.0553
213,LOT_B001,W002,D0002,0.892,1.752,85,74.364,0.3958,2.2414,1.733,MARCH_Y,SRAM_BANK_1,0x6930,MBIST_RUN,FAIL,FREQ_MARGIN,-0.0921
214,LOT_B001,W002,D0002,0.892,1.789,85,77.176,0.4068,2.4548,1.651,MARCH_B,SRAM_BANK_1,0xC3BC,MBIST_RUN,FAIL,FREQ_MARGIN,-0.1289
215,LOT_B001,W002,D0002,0.892,1.826,85,76.416,0.3898,2.3843,1.656,MARCH_C_MINUS,SRAM_BANK_1,0x29E4,MBIST_RUN,FAIL,FREQ_MARGIN,-0.1658
216,LOT_B001,W002,D0002,0.892,1.863,85,76.908,0.391,2.3252,1.637,MARCH_SS,CACHE_L1,0xCAB4,MBIST_RUN,FAIL,FREQ_MARGIN,-0.2026
217,LOT_B001,W002,D0002,0.892,1.899,85,80.445,0.3769,2.3778,1.664,MATS_PLUS,CACHE_L1,0x19AA,MBIST_RUN,FAIL,FREQ_MARGIN,-0.2395
218,LOT_B001,W002,D0002,0.892,1.936,85,80.915,0.3704,2.461,1.65,MARCH_Y,CACHE_L1,0x1176,MBIST_RUN,FAIL,FREQ_MARGIN,-0.2763
219,LOT_B001,W002,D0002,0.892,1.973,85,77.485,0.3606,2.3147,1.659,MARCH_B,CACHE_L2,0xE5EE,MBIST_RUN,FAIL,FREQ_MARGIN,-0.3132
220,LOT_B001,W002,D0002,0.892,2.01,85,79.192,0.349,2.3699,1.754,MARCH_C_MINUS,CACHE_L2,0x8E87,MBIST_RUN,FAIL,FREQ_MARGIN,-0.35
221,LOT_B001,W002,D0002,0.911,1.379,85,74.363,0.5272,2.505,1.83,MARCH_SS,CACHE_L2,NA,MBIST_RUN,PASS,NA,0.35
222,LOT_B001,W002,D0002,0.911,1.416,85,75.356,0.5267,2.4099,1.751,MATS_PLUS,REGFILE_A,NA,MBIST_RUN,PASS,NA,0.3132
223,LOT_B001,W002,D0002,0.911,1.453,85,75.596,0.4917,2.4682,1.627,MARCH_Y,REGFILE_A,NA,MBIST_RUN,PASS,NA,0.2763
224,LOT_B001,W002,D0002,0.911,1.49,85,76.039,0.482,2.46,1.817,MARCH_B,REGFILE_A,NA,MBIST_RUN,PASS,NA,0.2395
225,LOT_B001,W002,D0002,0.911,1.526,85,72.778,0.4627,2.3819,1.758,MARCH_C_MINUS,SRAM_BANK_0,NA,MBIST_RUN,PASS,NA,0.2026
226,LOT_B001,W002,D0002,0.911,1.563,85,77.034,0.4809,2.5591,1.749,MARCH_SS,SRAM_BANK_0,NA,MBIST_RUN,PASS,NA,0.1658
227,LOT_B001,W002,D0002,0.911,1.6,85,72.344,0.4677,2.4924,1.642,MATS_PLUS,SRAM_BANK_0,NA,MBIST_RUN,PASS,NA,0.1289
228,LOT_B001,W002,D0002,0.911,1.637,85,77.77,0.4468,2.7405,1.838,MARCH_Y,SRAM_BANK_1,NA,MBIST_RUN,PASS,NA,0.0921
229,LOT_B001,W002,D0002,0.911,1.674,85,76.295,0.4184,2.4771,1.699,MARCH_B,SRAM_BANK_1,NA,MBIST_RUN,PASS,NA,0.0553
230,LOT_B001,W002,D0002,0.911,1.711,85,78.892,0.4242,2.5035,1.806,MARCH_C_MINUS,SRAM_BANK_1,NA,MBIST_RUN,PASS,NA,0.0184
231,LOT_B001,W002,D0002,0.911,1.747,85,78.125,0.4104,2.3942,1.649,MARCH_SS,CACHE_L1,NA,MBIST_RUN,PASS,NA,-0.0184
232,LOT_B001,W002,D0002,0.911,1.784,85,74.949,0.4026,2.5203,1.731,MATS_PLUS,CACHE_L1,0x69ED,MBIST_RUN,FAIL,FREQ_MARGIN,-0.0553
233,LOT_B001,W002,D0002,0.911,1.821,85,78.796,0.3892,2.3361,1.753,MARCH_Y,CACHE_L1,0xA691,MBIST_RUN,FAIL,FREQ_MARGIN,-0.0921
234,LOT_B001,W002,D0002,0.911,1.858,85,78.109,0.3869,2.4964,1.631,MARCH_B,CACHE_L2,0xAC6B,MBIST_RUN,FAIL,FREQ_MARGIN,-0.1289
235,LOT_B001,W002,D0002,0.911,1.895,85,78.087,0.3666,2.441,1.742,MARCH_C_MINUS,CACHE_L2,0x1929,MBIST_RUN,FAIL,FREQ_MARGIN,-0.1658
236,LOT_B001,W002,D0002,0.911,1.932,85,78.008,0.3807,2.5273,1.628,MARCH_SS,CACHE_L2,0x588C,MBIST_RUN,FAIL,FREQ_MARGIN,-0.2026
237,LOT_B001,W002,D0002,0.911,1.968,85,80.328,0.3696,2.4664,1.653,MATS_PLUS,REGFILE_A,0x4009,MBIST_RUN,FAIL,FREQ_MARGIN,-0.2395
238,LOT_B001,W002,D0002,0.911,2.005,85,78.119,0.3482,2.5032,1.739,MARCH_Y,REGFILE_A,0xF35A,MBIST_RUN,FAIL,FREQ_MARGIN,-0.2763
239,LOT_B001,W002,D0002,0.911,2.042,85,78.03,0.3615,2.4655,1.767,MARCH_B,REGFILE_A,0x0091,MBIST_RUN,FAIL,FREQ_MARGIN,-0.3132
240,LOT_B001,W002,D0002,0.911,2.079,85,78.551,0.3506,2.3977,1.659,MARCH_C_MINUS,SRAM_BANK_0,0xCC6B,MBIST_RUN,FAIL,FREQ_MARGIN,-0.35
241,LOT_B001,W002,D0002,0.93,1.448,85,74.303,0.5018,2.7089,1.737,MARCH_SS,SRAM_BANK_0,NA,MBIST_RUN,PASS,NA,0.35
242,LOT_B001,W002,D0002,0.93,1.485,85,74.292,0.4712,2.6038,1.847,MATS_PLUS,SRAM_BANK_0,NA,MBIST_RUN,PASS,NA,0.3132
243,LOT_B001,W002,D0002,0.93,1.522,85,76.045,0.4654,2.496,1.779,MARCH_Y,SRAM_BANK_1,NA,MBIST_RUN,PASS,NA,0.2763
244,LOT_B001,W002,D0002,0.93,1.559,85,76.572,0.4783,2.5806,1.621,MARCH_B,SRAM_BANK_1,NA,MBIST_RUN,PASS,NA,0.2395
245,LOT_B001,W002,D0002,0.93,1.595,85,74.362,0.4442,2.564,1.73,MARCH_C_MINUS,SRAM_BANK_1,NA,MBIST_RUN,PASS,NA,0.2026
246,LOT_B001,W002,D0002,0.93,1.632,85,76.658,0.4256,2.6374,1.733,MARCH_SS,CACHE_L1,NA,MBIST_RUN,PASS,NA,0.1658
247,LOT_B001,W002,D0002,0.93,1.669,85,74.844,0.419,2.6665,1.783,MATS_PLUS,CACHE_L1,NA,MBIST_RUN,PASS,NA,0.1289
248,LOT_B001,W002,D0002,0.93,1.706,85,75.84,0.4215,2.6556,1.644,MARCH_Y,CACHE_L1,NA,MBIST_RUN,PASS,NA,0.0921
249,LOT_B001,W002,D0002,0.93,1.743,85,75.706,0.4194,2.5377,1.713,MARCH_B,CACHE_L2,NA,MBIST_RUN,PASS,NA,0.0553
250,LOT_B001,W002,D0002,0.93,1.78,85,76.383,0.417,2.6982,1.832,MARCH_C_MINUS,CACHE_L2,NA,MBIST_RUN,PASS,NA,0.0184
251,LOT_B001,W002,D0002,0.93,1.816,85,76.981,0.3823,2.6167,1.811,MARCH_SS,CACHE_L2,0x8094,MBIST_RUN,FAIL,FREQ_MARGIN,-0.0184
252,LOT_B001,W002,D0002,0.93,1.853,85,77.721,0.3845,2.6449,1.752,MATS_PLUS,REGFILE_A,0x29CB,MBIST_RUN,FAIL,FREQ_MARGIN,-0.0553
253,LOT_B001,W002,D0002,0.93,1.89,85,79.433,0.3905,2.548,1.622,MARCH_Y,REGFILE_A,0x77DA,MBIST_RUN,FAIL,FREQ_MARGIN,-0.0921
254,LOT_B001,W002,D0002,0.93,1.927,85,78.756,0.3575,2.5668,1.836,MARCH_B,REGFILE_A,0xFDD1,MBIST_RUN,FAIL,FREQ_MARGIN,-0.1289
255,LOT_B001,W002,D0002,0.93,1.964,85,80.215,0.367,2.631,1.813,MARCH_C_MINUS,SRAM_BANK_0,0xF1E9,MBIST_RUN,FAIL,FREQ_MARGIN,-0.1658
256,LOT_B001,W002,D0002,0.93,2.001,85,75.482,0.3602,2.7862,1.769,MARCH_SS,SRAM_BANK_0,0xAFE9,MBIST_RUN,FAIL,FREQ_MARGIN,-0.2026
257,LOT_B001,W002,D0002,0.93,2.037,85,79.951,0.3566,2.5574,1.62,MATS_PLUS,SRAM_BANK_0,0xB594,MBIST_RUN,FAIL,FREQ_MARGIN,-0.2395
258,LOT_B001,W002,D0002,0.93,2.074,85,80.913,0.3483,2.5531,1.678,MARCH_Y,SRAM_BANK_1,0x205E,MBIST_RUN,FAIL,FREQ_MARGIN,-0.2763
259,LOT_B001,W002,D0002,0.93,2.111,85,83.837,0.338,2.5589,1.726,MARCH_B,SRAM_BANK_1,0xC7A8,MBIST_RUN,FAIL,FREQ_MARGIN,-0.3132
260,LOT_B001,W002,D0002,0.93,2.148,85,81.199,0.3452,2.6061,1.727,MARCH_C_MINUS,SRAM_BANK_1,0x7C4E,MBIST_RUN,FAIL,FREQ_MARGIN,-0.35
261,LOT_B001,W002,D0002,0.949,1.517,85,75.95,0.4799,2.7322,1.678,MARCH_SS,CACHE_L1,NA,MBIST_RUN,PASS,NA,0.35
262,LOT_B001,W002,D0002,0.949,1.554,85,71.827,0.4663,2.7605,1.654,MATS_PLUS,CACHE_L1,NA,MBIST_RUN,PASS,NA,0.3132
263,LOT_B001,W002,D0002,0.949,1.591,85,78.751,0.4648,2.7207,1.615,MARCH_Y,CACHE_L1,NA,MBIST_RUN,PASS,NA,0.2763
264,LOT_B001,W002,D0002,0.949,1.628,85,75.904,0.4383,2.7084,1.625,MARCH_B,CACHE_L2,NA,MBIST_RUN,PASS,NA,0.2395
265,LOT_B001,W002,D0002,0.949,1.664,85,76.462,0.4343,2.7506,1.803,MARCH_C_MINUS,CACHE_L2,NA,MBIST_RUN,PASS,NA,0.2026
266,LOT_B001,W002,D0002,0.949,1.701,85,75.037,0.4324,2.7778,1.707,MARCH_SS,CACHE_L2,0x7E73,MBIST_RUN,FAIL,COUPLING_FAULT,0.1658
267,LOT_B001,W002,D0002,0.949,1.738,85,80.205,0.4037,2.7682,1.72,MATS_PLUS,REGFILE_A,NA,MBIST_RUN,PASS,NA,0.1289
268,LOT_B001,W002,D0002,0.949,1.775,85,77.319,0.394,2.7192,1.798,MARCH_Y,REGFILE_A,NA,MBIST_RUN,PASS,NA,0.0921
269,LOT_B001,W002,D0002,0.949,1.812,85,76.733,0.4032,2.6152,1.809,MARCH_B,REGFILE_A,NA,MBIST_RUN,PASS,NA,0.0553
270,LOT_B001,W002,D0002,0.949,1.849,85,76.726,0.3946,2.6268,1.762,MARCH_C_MINUS,SRAM_BANK_0,NA,MBIST_RUN,PASS,NA,0.0184
271,LOT_B001,W002,D0002,0.949,1.885,85,76.198,0.3818,2.7066,1.763,MARCH_SS,SRAM_BANK_0,0x1CE2,MBIST_RUN,FAIL,FREQ_MARGIN,-0.0184
272,LOT_B001,W002,D0002,0.949,1.922,85,77.049,0.3584,2.8555,1.823,MATS_PLUS,SRAM_BANK_0,0xD068,MBIST_RUN,FAIL,FREQ_MARGIN,-0.0553
273,LOT_B001,W002,D0002,0.949,1.959,85,79.839,0.3602,2.722,1.833,MARCH_Y,SRAM_BANK_1,0x6FFF,MBIST_RUN,FAIL,FREQ_MARGIN,-0.0921
274,LOT_B001,W002,D0002,0.949,1.996,85,79.564,0.3699,2.8506,1.824,MARCH_B,SRAM_BANK_1,0xC8C7,MBIST_RUN,FAIL,FREQ_MARGIN,-0.1289
275,LOT_B001,W002,D0002,0.949,2.033,85,80.541,0.3516,2.8187,1.626,MARCH_C_MINUS,SRAM_BANK_1,0x9BAB,MBIST_RUN,FAIL,FREQ_MARGIN,-0.1658
276,LOT_B001,W002,D0002,0.949,2.07,85,83.306,0.3493,2.7086,1.618,MARCH_SS,CACHE_L1,0x8A97,MBIST_RUN,FAIL,FREQ_MARGIN,-0.2026
277,LOT_B001,W002,D0002,0.949,2.106,85,80.596,0.3364,2.6763,1.848,MATS_PLUS,CACHE_L1,0x11B3,MBIST_RUN,FAIL,FREQ_MARGIN,-0.2395
278,LOT_B001,W002,D0002,0.949,2.143,85,81.896,0.3475,2.7017,1.625,MARCH_Y,CACHE_L1,0x995D,MBIST_RUN,FAIL,FREQ_MARGIN,-0.2763
279,LOT_B001,W002,D0002,0.949,2.18,85,79.973,0.3288,2.8137,1.796,MARCH_B,CACHE_L2,0xE167,MBIST_RUN,FAIL,FREQ_MARGIN,-0.3132
280,LOT_B001,W002,D0002,0.949,2.217,85,79.332,0.3398,2.712,1.754,MARCH_C_MINUS,CACHE_L2,0x664D,MBIST_RUN,FAIL,FREQ_MARGIN,-0.35
281,LOT_B001,W002,D0002,0.968,1.586,85,78.34,0.4534,2.8075,1.719,MARCH_SS,CACHE_L2,0x830C,MBIST_RUN,FAIL,COUPLING_FAULT,0.35
282,LOT_B001,W002,D0002,0.968,1.623,85,79.484,0.4487,2.913,1.632,MATS_PLUS,REGFILE_A,NA,MBIST_RUN,PASS,NA,0.3132
283,LOT_B001,W002,D0002,0.968,1.66,85,78.321,0.4317,2.8224,1.708,MARCH_Y,REGFILE_A,NA,MBIST_RUN,PASS,NA,0.2763
284,LOT_B001,W002,D0002,0.968,1.697,85,78.65,0.4259,2.8312,1.649,MARCH_B,REGFILE_A,NA,MBIST_RUN,PASS,NA,0.2395
285,LOT_B001,W002,D0002,0.968,1.733,85,78.536,0.4235,2.9388,1.815,MARCH_C_MINUS,SRAM_BANK_0,NA,MBIST_RUN,PASS,NA,0.2026
286,LOT_B001,W002,D0002,0.968,1.77,85,79.626,0.3986,2.967,1.782,MARCH_SS,SRAM_BANK_0,NA,MBIST_RUN,PASS,NA,0.1658
287,LOT_B001,W002,D0002,0.968,1.807,85,79.659,0.4102,2.8844,1.846,MATS_PLUS,SRAM_BANK_0,NA,MBIST_RUN,PASS,NA,0.1289
288,LOT_B001,W002,D0002,0.968,1.844,85,78.818,0.3896,2.935,1.653,MARCH_Y,SRAM_BANK_1,NA,MBIST_RUN,PASS,NA,0.0921
289,LOT_B001,W002,D0002,0.968,1.881,85,81.112,0.383,2.8946,1.748,MARCH_B,SRAM_BANK_1,NA,MBIST_RUN,PASS,NA,0.0553
290,LOT_B001,W002,D0002,0.968,1.918,85,76.7,0.3763,3.0149,1.818,MARCH_C_MINUS,SRAM_BANK_1,NA,MBIST_RUN,PASS,NA,0.0184
291,LOT_B001,W002,D0002,0.968,1.954,85,81.778,0.3751,2.8589,1.602,MARCH_SS,CACHE_L1,0x5880,MBIST_RUN,FAIL,FREQ_MARGIN,-0.0184
292,LOT_B001,W002,D0002,0.968,1.991,85,80.947,0.365,2.8015,1.82,MATS_PLUS,CACHE_L1,0xDF61,MBIST_RUN,FAIL,FREQ_MARGIN,-0.0553
293,LOT_B001,W002,D0002,0.968,2.028,85,80.824,0.341,2.9275,1.647,MARCH_Y,CACHE_L1,0x7BA8,MBIST_RUN,FAIL,FREQ_MARGIN,-0.0921
294,LOT_B001,W002,D0002,0.968,2.065,85,81.758,0.3265,2.9657,1.81,MARCH_B,CACHE_L2,0x8C0B,MBIST_RUN,FAIL,FREQ_MARGIN,-0.1289
295,LOT_B001,W002,D0002,0.968,2.102,85,79.845,0.349,2.8603,1.682,MARCH_C_MINUS,CACHE_L2,0x86F2,MBIST_RUN,FAIL,FREQ_MARGIN,-0.1658
296,LOT_B001,W002,D0002,0.968,2.139,85,81.158,0.3489,2.7842,1.696,MARCH_SS,CACHE_L2,0x9483,MBIST_RUN,FAIL,FREQ_MARGIN,-0.2026
297,LOT_B001,W002,D0002,0.968,2.175,85,82.496,0.3343,2.734,1.703,MATS_PLUS,REGFILE_A,0x07E7,MBIST_RUN,FAIL,FREQ_MARGIN,-0.2395
298,LOT_B001,W002,D0002,0.968,2.212,85,81.316,0.3213,2.7544,1.819,MARCH_Y,REGFILE_A,0x8CDC,MBIST_RUN,FAIL,FREQ_MARGIN,-0.2763
299,LOT_B001,W002,D0002,0.968,2.249,85,81.355,0.322,2.9933,1.74,MARCH_B,REGFILE_A,0x2AFD,MBIST_RUN,FAIL,FREQ_MARGIN,-0.3132
300,LOT_B001,W002,D0002,0.968,2.286,85,86.265,0.3116,2.8454,1.681,MARCH_C_MINUS,SRAM_BANK_0,0x0D3E,MBIST_RUN,FAIL,FREQ_MARGIN,-0.35
301,LOT_B001,W002,D0002,0.987,1.655,85,79.601,0.4286,3.0832,1.729,MARCH_SS,SRAM_BANK_0,NA,MBIST_RUN,PASS,NA,0.35
302,LOT_B001,W002,D0002,0.987,1.692,85,76.51,0.4236,2.9501,1.622,MATS_PLUS,SRAM_BANK_0,NA,MBIST_RUN,PASS,NA,0.3132
303,LOT_B001,W002,D0002,0.987,1.729,85,79.237,0.4028,3.0226,1.705,MARCH_Y,SRAM_BANK_1,NA,MBIST_RUN,PASS,NA,0.2763
304,LOT_B001,W002,D0002,0.987,1.766,85,80.643,0.4136,2.9893,1.81,MARCH_B,SRAM_BANK_1,NA,MBIST_RUN,PASS,NA,0.2395
305,LOT_B001,W002,D0002,0.987,1.802,85,80.904,0.3801,2.9071,1.691,MARCH_C_MINUS,SRAM_BANK_1,NA,MBIST_RUN,PASS,NA,0.2026
306,LOT_B001,W002,D0002,0.987,1.839,85,79.613,0.3738,3.0333,1.665,MARCH_SS,CACHE_L1,NA,MBIST_RUN,PASS,NA,0.1658
307,LOT_B001,W002,D0002,0.987,1.876,85,81.245,0.3818,2.9779,1.801,MATS_PLUS,CACHE_L1,NA,MBIST_RUN,PASS,NA,0.1289
308,LOT_B001,W002,D0002,0.987,1.913,85,78.236,0.3477,3.0052,1.709,MARCH_Y,CACHE_L1,NA,MBIST_RUN,PASS,NA,0.0921
309,LOT_B001,W002,D0002,0.987,1.95,85,81.636,0.3771,3.0358,1.634,MARCH_B,CACHE_L2,NA,MBIST_RUN,PASS,NA,0.0553
310,LOT_B001,W002,D0002,0.987,1.987,85,81.729,0.3747,2.9994,1.665,MARCH_C_MINUS,CACHE_L2,NA,MBIST_RUN,PASS,NA,0.0184
311,LOT_B001,W002,D0002,0.987,2.023,85,81.407,0.3536,2.9402,1.79,MARCH_SS,CACHE_L2,0x2669,MBIST_RUN,FAIL,FREQ_MARGIN,-0.0184
312,LOT_B001,W002,D0002,0.987,2.06,85,80.449,0.3566,3.0213,1.612,MATS_PLUS,REGFILE_A,0x9F51,MBIST_RUN,FAIL,FREQ_MARGIN,-0.0553
313,LOT_B001,W002,D0002,0.987,2.097,85,77.828,0.3522,3.0664,1.605,MARCH_Y,REGFILE_A,0x1EF7,MBIST_RUN,FAIL,FREQ_MARGIN,-0.0921
314,LOT_B001,W002,D0002,0.987,2.134,85,80.164,0.3388,2.9867,1.807,MARCH_B,REGFILE_A,0x8F77,MBIST_RUN,FAIL,FREQ_MARGIN,-0.1289
315,LOT_B001,W002,D0002,0.987,2.171,85,83.381,0.3225,2.9186,1.741,MARCH_C_MINUS,SRAM_BANK_0,0x4792,MBIST_RUN,FAIL,FREQ_MARGIN,-0.1658
316,LOT_B001,W002,D0002,0.987,2.208,85,82.809,0.3248,2.9416,1.771,MARCH_SS,SRAM_BANK_0,0x0920,MBIST_RUN,FAIL,FREQ_MARGIN,-0.2026
317,LOT_B001,W002,D0002,0.987,2.244,85,81.12,0.3214,3.0417,1.617,MATS_PLUS,SRAM_BANK_0,0xAE55,MBIST_RUN,FAIL,FREQ_MARGIN,-0.2395
318,LOT_B001,W002,D0002,0.987,2.281,85,86.199,0.325,3.0515,1.707,MARCH_Y,SRAM_BANK_1,0xEE04,MBIST_RUN,FAIL,FREQ_MARGIN,-0.2763
319,LOT_B001,W002,D0002,0.987,2.318,85,82.56,0.3307,3.149,1.736,MARCH_B,SRAM_BANK_1,0x2157,MBIST_RUN,FAIL,FREQ_MARGIN,-0.3132
320,LOT_B001,W002,D0002,0.987,2.355,85,83.074,0.308,3.0132,1.798,MARCH_C_MINUS,SRAM_BANK_1,0x2A30,MBIST_RUN,FAIL,FREQ_MARGIN,-0.35
321,LOT_B001,W002,D0002,1.007,1.724,85,77.99,0.4096,3.1117,1.789,MARCH_SS,CACHE_L1,NA,MBIST_RUN,PASS,NA,0.35
322,LOT_B001,W002,D0002,1.007,1.761,85,77.084,0.4098,3.1215,1.713,MATS_PLUS,CACHE_L1,NA,MBIST_RUN,PASS,NA,0.3132
323,LOT_B001,W002,D0002,1.007,1.798,85,80.873,0.3997,3.1359,1.626,MARCH_Y,CACHE_L1,NA,MBIST_RUN,PASS,NA,0.2763
324,LOT_B001,W002,D0002,1.007,1.835,85,81.4,0.3975,3.2551,1.841,MARCH_B,CACHE_L2,NA,MBIST_RUN,PASS,NA,0.2395
325,LOT_B001,W002,D0002,1.007,1.871,85,80.308,0.3704,3.2239,1.744,MARCH_C_MINUS,CACHE_L2,NA,MBIST_RUN,PASS,NA,0.2026
326,LOT_B001,W002,D0002,1.007,1.908,85,82.215,0.3827,3.2116,1.733,MARCH_SS,CACHE_L2,0x71D3,MBIST_RUN,FAIL,COUPLING_FAULT,0.1658
327,LOT_B001,W002,D0002,1.007,1.945,85,78.884,0.3723,3.0251,1.824,MATS_PLUS,REGFILE_A,NA,MBIST_RUN,PASS,NA,0.1289
328,LOT_B001,W002,D0002,1.007,1.982,85,81.063,0.3505,3.1162,1.691,MARCH_Y,REGFILE_A,NA,MBIST_RUN,PASS,NA,0.0921
329,LOT_B001,W002,D0002,1.007,2.019,85,80.491,0.3661,3.0816,1.847,MARCH_B,REGFILE_A,NA,MBIST_RUN,PASS,NA,0.0553
330,LOT_B001,W002,D0002,1.007,2.056,85,80.025,0.3499,3.0765,1.849,MARCH_C_MINUS,SRAM_BANK_0,NA,MBIST_RUN,PASS,NA,0.0184
331,LOT_B001,W002,D0002,1.007,2.092,85,82.491,0.3364,3.1102,1.695,MARCH_SS,SRAM_BANK_0,0x80E2,MBIST_RUN,FAIL,FREQ_MARGIN,-0.0184
332,LOT_B001,W002,D0002,1.007,2.129,85,82.708,0.3352,3.1638,1.778,MATS_PLUS,SRAM_BANK_0,0x3FAB,MBIST_RUN,FAIL,FREQ_MARGIN,-0.0553
333,LOT_B001,W002,D0002,1.007,2.166,85,80.504,0.3432,3.2093,1.82,MARCH_Y,SRAM_BANK_1,0xE71D,MBIST_RUN,FAIL,FREQ_MARGIN,-0.0921
334,LOT_B001,W002,D0002,1.007,2.203,85,83.609,0.3184,3.1051,1.687,MARCH_B,SRAM_BANK_1,0x33AE,MBIST_RUN,FAIL,FREQ_MARGIN,-0.1289
335,LOT_B001,W002,D0002,1.007,2.24,85,83.756,0.3093,3.3058,1.785,MARCH_C_MINUS,SRAM_BANK_1,0xDA6B,MBIST_RUN,FAIL,FREQ_MARGIN,-0.1658
336,LOT_B001,W002,D0002,1.007,2.277,85,83.985,0.316,3.078,1.769,MARCH_SS,CACHE_L1,0x0441,MBIST_RUN,FAIL,FREQ_MARGIN,-0.2026
337,LOT_B001,W002,D0002,1.007,2.313,85,82.29,0.3163,3.2198,1.654,MATS_PLUS,CACHE_L1,0xB88E,MBIST_RUN,FAIL,FREQ_MARGIN,-0.2395
338,LOT_B001,W002,D0002,1.007,2.35,85,85.512,0.2932,3.2082,1.766,MARCH_Y,CACHE_L1,0x28D1,MBIST_RUN,FAIL,FREQ_MARGIN,-0.2763
339,LOT_B001,W002,D0002,1.007,2.387,85,85.553,0.3051,3.0255,1.657,MARCH_B,CACHE_L2,0x51F4,MBIST_RUN,FAIL,FREQ_MARGIN,-0.3132
340,LOT_B001,W002,D0002,1.007,2.424,85,81.3,0.3055,3.1075,1.785,MARCH_C_MINUS,CACHE_L2,0x1099,MBIST_RUN,FAIL,FREQ_MARGIN,-0.35
341,LOT_B001,W002,D0002,1.026,1.793,85,80.801,0.4104,3.3791,1.757,MARCH_SS,CACHE_L2,NA,MBIST_RUN,PASS,NA,0.35
342,LOT_B001,W002,D0002,1.026,1.83,85,79.12,0.4144,3.2684,1.617,MATS_PLUS,REGFILE_A,NA,MBIST_RUN,PASS,NA,0.3132
343,LOT_B001,W002,D0002,1.026,1.867,85,78.029,0.391,3.3584,1.75,MARCH_Y,REGFILE_A,0xC3DB,MBIST_RUN,FAIL,RETENTION_FAULT,0.2763
344,LOT_B001,W002,D0002,1.026,1.904,85,81.517,0.3872,3.371,1.646,MARCH_B,REGFILE_A,NA,MBIST_RUN,PASS,NA,0.2395
345,LOT_B001,W002,D0002,1.026,1.94,85,81.012,0.3694,3.3044,1.616,MARCH_C_MINUS,SRAM_BANK_0,NA,MBIST_RUN,PASS,NA,0.2026
346,LOT_B001,W002,D0002,1.026,1.977,85,81.985,0.3758,3.32,1.807,MARCH_SS,SRAM_BANK_0,NA,MBIST_RUN,PASS,NA,0.1658
347,LOT_B001,W002,D0002,1.026,2.014,85,82.043,0.3675,3.0825,1.679,MATS_PLUS,SRAM_BANK_0,NA,MBIST_RUN,PASS,NA,0.1289
348,LOT_B001,W002,D0002,1.026,2.051,85,84.264,0.3475,3.3697,1.711,MARCH_Y,SRAM_BANK_1,NA,MBIST_RUN,PASS,NA,0.0921
349,LOT_B001,W002,D0002,1.026,2.088,85,84.766,0.358,3.43,1.659,MARCH_B,SRAM_BANK_1,NA,MBIST_RUN,PASS,NA,0.0553
350,LOT_B001,W002,D0002,1.026,2.125,85,81.194,0.3392,3.2783,1.763,MARCH_C_MINUS,SRAM_BANK_1,0x00C1,MBIST_RUN,FAIL,FREQ_MARGIN,0.0184
351,LOT_B001,W002,D0002,1.026,2.161,85,82.626,0.3156,3.3713,1.601,MARCH_SS,CACHE_L1,0x1A3C,MBIST_RUN,FAIL,FREQ_MARGIN,-0.0184
352,LOT_B001,W002,D0002,1.026,2.198,85,82.314,0.3272,3.2645,1.843,MATS_PLUS,CACHE_L1,0x285C,MBIST_RUN,FAIL,FREQ_MARGIN,-0.0553
353,LOT_B001,W002,D0002,1.026,2.235,85,86.971,0.3171,3.0974,1.719,MARCH_Y,CACHE_L1,0x16B0,MBIST_RUN,FAIL,FREQ_MARGIN,-0.0921
354,LOT_B001,W002,D0002,1.026,2.272,85,83.514,0.317,3.3856,1.743,MARCH_B,CACHE_L2,0x313D,MBIST_RUN,FAIL,FREQ_MARGIN,-0.1289
355,LOT_B001,W002,D0002,1.026,2.309,85,83.353,0.3107,3.3651,1.671,MARCH_C_MINUS,CACHE_L2,0xFE10,MBIST_RUN,FAIL,FREQ_MARGIN,-0.1658
356,LOT_B001,W002,D0002,1.026,2.346,85,83.932,0.299,3.3849,1.723,MARCH_SS,CACHE_L2,0x3B0A,MBIST_RUN,FAIL,FREQ_MARGIN,-0.2026
357,LOT_B001,W002,D0002,1.026,2.382,85,84.61,0.2963,3.4172,1.821,MATS_PLUS,REGFILE_A,0xEBBC,MBIST_RUN,FAIL,FREQ_MARGIN,-0.2395
358,LOT_B001,W002,D0002,1.026,2.419,85,86.158,0.3129,3.3725,1.839,MARCH_Y,REGFILE_A,0x0CF9,MBIST_RUN,FAIL,FREQ_MARGIN,-0.2763
359,LOT_B001,W002,D0002,1.026,2.456,85,86.327,0.2973,3.2686,1.766,MARCH_B,REGFILE_A,0x0EA0,MBIST_RUN,FAIL,FREQ_MARGIN,-0.3132
360,LOT_B001,W002,D0002,1.026,2.493,85,82.362,0.2816,3.2819,1.788,MARCH_C_MINUS,SRAM_BANK_0,0x8EE0,MBIST_RUN,FAIL,FREQ_MARGIN,-0.35
361,LOT_B001,W002,D0002,1.045,1.862,85,78.509,0.3777,3.4108,1.762,MARCH_SS,SRAM_BANK_0,NA,MBIST_RUN,PASS,NA,0.35
362,LOT_B001,W002,D0002,1.045,1.899,85,82.529,0.3822,3.4574,1.635,MATS_PLUS,SRAM_BANK_0,NA,MBIST_RUN,PASS,NA,0.3132
363,LOT_B001,W002,D0002,1.045,1.936,85,82.288,0.3612,3.4697,1.807,MARCH_Y,SRAM_BANK_1,NA,MBIST_RUN,PASS,NA,0.2763
364,LOT_B001,W002,D0002,1.045,1.973,85,82.381,0.384,3.386,1.7,MARCH_B,SRAM_BANK_1,NA,MBIST_RUN,PASS,NA,0.2395
365,LOT_B001,W002,D0002,1.045,2.009,85,81.938,0.3435,3.5368,1.701,MARCH_C_MINUS,SRAM_BANK_1,NA,MBIST_RUN,PASS,NA,0.2026
366,LOT_B001,W002,D0002,1.045,2.046,85,82.616,0.3438,3.4739,1.657,MARCH_SS,CACHE_L1,NA,MBIST_RUN,PASS,NA,0.1658
367,LOT_B001,W002,D0002,1.045,2.083,85,81.396,0.3241,3.5726,1.625,MATS_PLUS,CACHE_L1,NA,MBIST_RUN,PASS,NA,0.1289
368,LOT_B001,W002,D0002,1.045,2.12,85,82.676,0.3389,3.4991,1.728,MARCH_Y,CACHE_L1,NA,MBIST_RUN,PASS,NA,0.0921
369,LOT_B001,W002,D0002,1.045,2.157,85,84.052,0.3235,3.4406,1.729,MARCH_B,CACHE_L2,NA,MBIST_RUN,PASS,NA,0.0553
370,LOT_B001,W002,D0002,1.045,2.194,85,85.584,0.3232,3.3837,1.812,MARCH_C_MINUS,CACHE_L2,NA,MBIST_RUN,PASS,NA,0.0184
371,LOT_B001,W002,D0002,1.045,2.23,85,85.802,0.3239,3.5741,1.626,MARCH_SS,CACHE_L2,0xA5B1,MBIST_RUN,FAIL,COUPLING_FAULT,-0.0184
372,LOT_B001,W002,D0002,1.045,2.267,85,83.552,0.3174,3.4966,1.696,MATS_PLUS,REGFILE_A,0xA49A,MBIST_RUN,FAIL,FREQ_MARGIN,-0.0553
373,LOT_B001,W002,D0002,1.045,2.304,85,81.907,0.298,3.3859,1.722,MARCH_Y,REGFILE_A,0xCFA9,MBIST_RUN,FAIL,FREQ_MARGIN,-0.0921
374,LOT_B001,W002,D0002,1.045,2.341,85,84.712,0.3099,3.4721,1.807,MARCH_B,REGFILE_A,0x4970,MBIST_RUN,FAIL,FREQ_MARGIN,-0.1289
375,LOT_B001,W002,D0002,1.045,2.378,85,85.45,0.295,3.4515,1.733,MARCH_C_MINUS,SRAM_BANK_0,0x216C,MBIST_RUN,FAIL,FREQ_MARGIN,-0.1658
376,LOT_B001,W002,D0002,1.045,2.415,85,86.399,0.3032,3.3088,1.665,MARCH_SS,SRAM_BANK_0,0xDE32,MBIST_RUN,FAIL,FREQ_MARGIN,-0.2026
377,LOT_B001,W002,D0002,1.045,2.451,85,85.783,0.2805,3.3637,1.808,MATS_PLUS,SRAM_BANK_0,0xD343,MBIST_RUN,FAIL,FREQ_MARGIN,-0.2395
378,LOT_B001,W002,D0002,1.045,2.488,85,87.474,0.2711,3.4392,1.757,MARCH_Y,SRAM_BANK_1,0x688A,MBIST_RUN,FAIL,FREQ_MARGIN,-0.2763
379,LOT_B001,W002,D0002,1.045,2.525,85,87.273,0.2786,3.3807,1.681,MARCH_B,SRAM_BANK_1,0xAE97,MBIST_RUN,FAIL,FREQ_MARGIN,-0.3132
380,LOT_B001,W002,D0002,1.045,2.562,85,84.777,0.286,3.4157,1.719,MARCH_C_MINUS,SRAM_BANK_1,0xA8A3,MBIST_RUN,FAIL,FREQ_MARGIN,-0.35
381,LOT_B001,W002,D0002,1.064,1.931,85,84.549,0.3885,3.5652,1.609,MARCH_SS,CACHE_L1,NA,MBIST_RUN,PASS,NA,0.35
382,LOT_B001,W002,D0002,1.064,1.968,85,82.837,0.3822,3.6257,1.717,MATS_PLUS,CACHE_L1,NA,MBIST_RUN,PASS,NA,0.3132
383,LOT_B001,W002,D0002,1.064,2.005,85,82.67,0.3657,3.6302,1.723,MARCH_Y,CACHE_L1,NA,MBIST_RUN,PASS,NA,0.2763
384,LOT_B001,W002,D0002,1.064,2.042,85,82.811,0.3334,3.8267,1.71,MARCH_B,CACHE_L2,NA,MBIST_RUN,PASS,NA,0.2395
385,LOT_B001,W002,D0002,1.064,2.078,85,84.344,0.3483,3.7218,1.824,MARCH_C_MINUS,CACHE_L2,NA,MBIST_RUN,PASS,NA,0.2026
386,LOT_B001,W002,D0002,1.064,2.115,85,80.226,0.3233,3.7342,1.802,MARCH_SS,CACHE_L2,NA,MBIST_RUN,PASS,NA,0.1658
387,LOT_B001,W002,D0002,1.064,2.152,85,82.286,0.3266,3.5246,1.608,MATS_PLUS,REGFILE_A,NA,MBIST_RUN,PASS,NA,0.1289
388,LOT_B001,W002,D0002,1.064,2.189,85,85.444,0.3368,3.6191,1.758,MARCH_Y,REGFILE_A,NA,MBIST_RUN,PASS,NA,0.0921
389,LOT_B001,W002,D0002,1.064,2.226,85,83.618,0.3336,3.6297,1.798,MARCH_B,REGFILE_A,NA,MBIST_RUN,PASS,NA,0.0553
390,LOT_B001,W002,D0002,1.064,2.263,85,86.519,0.3038,3.6272,1.775,MARCH_C_MINUS,SRAM_BANK_0,NA,MBIST_RUN,PASS,NA,0.0184
391,LOT_B001,W002,D0002,1.064,2.299,85,84.666,0.3044,3.536,1.772,MARCH_SS,SRAM_BANK_0,0x87DE,MBIST_RUN,FAIL,FREQ_MARGIN,-0.0184
392,LOT_B001,W002,D0002,1.064,2.336,85,85.008,0.3027,3.6213,1.837,MATS_PLUS,SRAM_BANK_0,0x5521,MBIST_RUN,FAIL,FREQ_MARGIN,-0.0553
393,LOT_B001,W002,D0002,1.064,2.373,85,86.175,0.3113,3.6019,1.636,MARCH_Y,SRAM_BANK_1,0xC5D9,MBIST_RUN,FAIL,FREQ_MARGIN,-0.0921
394,LOT_B001,W002,D0002,1.064,2.41,85,83.472,0.2911,3.5513,1.801,MARCH_B,SRAM_BANK_1,0xE3CD,MBIST_RUN,FAIL,FREQ_MARGIN,-0.1289
395,LOT_B001,W002,D0002,1.064,2.447,85,85.475,0.2873,3.6176,1.811,MARCH_C_MINUS,SRAM_BANK_1,0xFB90,MBIST_RUN,FAIL,FREQ_MARGIN,-0.1658
396,LOT_B001,W002,D0002,1.064,2.484,85,86.592,0.2901,3.4806,1.762,MARCH_SS,CACHE_L1,0xBAD5,MBIST_RUN,FAIL,FREQ_MARGIN,-0.2026
397,LOT_B001,W002,D0002,1.064,2.52,85,87.665,0.2772,3.6018,1.805,MATS_PLUS,CACHE_L1,0x0635,MBIST_RUN,FAIL,FREQ_MARGIN,-0.2395
398,LOT_B001,W002,D0002,1.064,2.557,85,87.377,0.2766,3.6774,1.806,MARCH_Y,CACHE_L1,0x3997,MBIST_RUN,FAIL,FREQ_MARGIN,-0.2763
399,LOT_B001,W002,D0002,1.064,2.594,85,88.143,0.2602,3.5572,1.64,MARCH_B,CACHE_L2,0x3D21,MBIST_RUN,FAIL,FREQ_MARGIN,-0.3132
400,LOT_B001,W002,D0002,1.064,2.631,85,88.155,0.2642,3.5627,1.669,MARCH_C_MINUS,CACHE_L2,0x6925,MBIST_RUN,FAIL,FREQ_MARGIN,-0.35
401,LOT_B001,W002,D0002,1.083,2.0,85,83.368,0.369,3.6127,1.835,MARCH_SS,CACHE_L2,0xA29B,MBIST_RUN,FAIL,COUPLING_FAULT,0.35
402,LOT_B001,W002,D0002,1.083,2.037,85,82.969,0.3457,3.8368,1.678,MATS_PLUS,REGFILE_A,NA,MBIST_RUN,PASS,NA,0.3132
403,LOT_B001,W002,D0002,1.083,2.074,85,84.067,0.3491,3.8466,1.694,MARCH_Y,REGFILE_A,NA,MBIST_RUN,PASS,NA,0.2763
404,LOT_B001,W002,D0002,1.083,2.111,85,84.366,0.3353,3.5834,1.758,MARCH_B,REGFILE_A,NA,MBIST_RUN,PASS,NA,0.2395
405,LOT_B001,W002,D0002,1.083,2.147,85,85.046,0.3271,3.7939,1.79,MARCH_C_MINUS,SRAM_BANK_0,NA,MBIST_RUN,PASS,NA,0.2026
406,LOT_B001,W002,D0002,1.083,2.184,85,84.69,0.3316,3.7291,1.795,MARCH_SS,SRAM_BANK_0,NA,MBIST_RUN,PASS,NA,0.1658
407,LOT_B001,W002,D0002,1.083,2.221,85,84.195,0.3256,3.8112,1.725,MATS_PLUS,SRAM_BANK_0,NA,MBIST_RUN,PASS,NA,0.1289
408,LOT_B001,W002,D0002,1.083,2.258,85,82.981,0.2959,3.7345,1.692,MARCH_Y,SRAM_BANK_1,NA,MBIST_RUN,PASS,NA,0.0921
409,LOT_B001,W002,D0002,1.083,2.295,85,87.294,0.3106,3.7468,1.764,MARCH_B,SRAM_BANK_1,NA,MBIST_RUN,PASS,NA,0.0553
410,LOT_B001,W002,D0002,1.083,2.332,85,87.295,0.308,3.8322,1.752,MARCH_C_MINUS,SRAM_BANK_1,NA,MBIST_RUN,PASS,NA,0.0184
411,LOT_B001,W002,D0002,1.083,2.368,85,84.918,0.2998,3.8805,1.679,MARCH_SS,CACHE_L1,0xBFEB,MBIST_RUN,FAIL,FREQ_MARGIN,-0.0184
412,LOT_B001,W002,D0002,1.083,2.405,85,86.533,0.2959,3.9759,1.621,MATS_PLUS,CACHE_L1,0x80EA,MBIST_RUN,FAIL,FREQ_MARGIN,-0.0553
413,LOT_B001,W002,D0002,1.083,2.442,85,85.804,0.2932,3.7818,1.667,MARCH_Y,CACHE_L1,0x0834,MBIST_RUN,FAIL,FREQ_MARGIN,-0.0921
414,LOT_B001,W002,D0002,1.083,2.479,85,85.291,0.2983,3.7926,1.608,MARCH_B,CACHE_L2,0xA182,MBIST_RUN,FAIL,FREQ_MARGIN,-0.1289
415,LOT_B001,W002,D0002,1.083,2.516,85,88.378,0.2621,3.7723,1.716,MARCH_C_MINUS,CACHE_L2,0xE2E3,MBIST_RUN,FAIL,FREQ_MARGIN,-0.1658
416,LOT_B001,W002,D0002,1.083,2.553,85,87.341,0.2772,3.757,1.667,MARCH_SS,CACHE_L2,0x29D0,MBIST_RUN,FAIL,FREQ_MARGIN,-0.2026
417,LOT_B001,W002,D0002,1.083,2.589,85,88.457,0.2782,3.8324,1.63,MATS_PLUS,REGFILE_A,0x3C85,MBIST_RUN,FAIL,FREQ_MARGIN,-0.2395
418,LOT_B001,W002,D0002,1.083,2.626,85,85.262,0.2669,3.8781,1.656,MARCH_Y,REGFILE_A,0xEF38,MBIST_RUN,FAIL,FREQ_MARGIN,-0.2763
419,LOT_B001,W002,D0002,1.083,2.663,85,89.872,0.2568,3.8321,1.714,MARCH_B,REGFILE_A,0xACD5,MBIST_RUN,FAIL,FREQ_MARGIN,-0.3132
420,LOT_B001,W002,D0002,1.083,2.7,85,89.151,0.2682,3.7289,1.615,MARCH_C_MINUS,SRAM_BANK_0,0xBFAB,MBIST_RUN,FAIL,FREQ_MARGIN,-0.35
421,LOT_B001,W002,D0002,1.102,2.069,85,84.146,0.3503,3.8494,1.649,MARCH_SS,SRAM_BANK_0,NA,MBIST_RUN,PASS,NA,0.35
422,LOT_B001,W002,D0002,1.102,2.106,85,84.917,0.332,3.9817,1.637,MATS_PLUS,SRAM_BANK_0,NA,MBIST_RUN,PASS,NA,0.3132
423,LOT_B001,W002,D0002,1.102,2.143,85,85.451,0.3474,4.0767,1.665,MARCH_Y,SRAM_BANK_1,NA,MBIST_RUN,PASS,NA,0.2763
424,LOT_B001,W002,D0002,1.102,2.18,85,85.956,0.328,3.9292,1.823,MARCH_B,SRAM_BANK_1,NA,MBIST_RUN,PASS,NA,0.2395
425,LOT_B001,W002,D0002,1.102,2.216,85,84.814,0.3264,3.8834,1.634,MARCH_C_MINUS,SRAM_BANK_1,NA,MBIST_RUN,PASS,NA,0.2026
426,LOT_B001,W002,D0002,1.102,2.253,85,85.645,0.3254,3.9505,1.77,MARCH_SS,CACHE_L1,NA,MBIST_RUN,PASS,NA,0.1658
427,LOT_B001,W002,D0002,1.102,2.29,85,85.598,0.3108,3.9358,1.737,MATS_PLUS,CACHE_L1,NA,MBIST_RUN,PASS,NA,0.1289
428,LOT_B001,W002,D0002,1.102,2.327,85,85.332,0.3086,3.9342,1.652,MARCH_Y,CACHE_L1,NA,MBIST_RUN,PASS,NA,0.0921
429,LOT_B001,W002,D0002,1.102,2.364,85,85.829,0.3105,3.8224,1.709,MARCH_B,CACHE_L2,NA,MBIST_RUN,PASS,NA,0.0553
430,LOT_B001,W002,D0002,1.102,2.401,85,85.692,0.3015,3.9633,1.648,MARCH_C_MINUS,CACHE_L2,NA,MBIST_RUN,PASS,NA,0.0184
431,LOT_B001,W002,D0002,1.102,2.437,85,87.701,0.2956,3.8989,1.719,MARCH_SS,CACHE_L2,0x8D5F,MBIST_RUN,FAIL,FREQ_MARGIN,-0.0184
432,LOT_B001,W002,D0002,1.102,2.474,85,85.77,0.2835,4.0691,1.84,MATS_PLUS,REGFILE_A,0xEAF1,MBIST_RUN,FAIL,FREQ_MARGIN,-0.0553
433,LOT_B001,W002,D0002,1.102,2.511,85,87.642,0.3023,3.9997,1.657,MARCH_Y,REGFILE_A,0xA8AA,MBIST_RUN,FAIL,FREQ_MARGIN,-0.0921
434,LOT_B001,W002,D0002,1.102,2.548,85,88.037,0.2693,3.9016,1.661,MARCH_B,REGFILE_A,0x915C,MBIST_RUN,FAIL,FREQ_MARGIN,-0.1289
435,LOT_B001,W002,D0002,1.102,2.585,85,91.39,0.2761,3.9216,1.699,MARCH_C_MINUS,SRAM_BANK_0,0x629A,MBIST_RUN,FAIL,FREQ_MARGIN,-0.1658
436,LOT_B001,W002,D0002,1.102,2.622,85,88.525,0.2808,3.7181,1.759,MARCH_SS,SRAM_BANK_0,0x8993,MBIST_RUN,FAIL,FREQ_MARGIN,-0.2026
437,LOT_B001,W002,D0002,1.102,2.658,85,89.202,0.2723,3.9583,1.689,MATS_PLUS,SRAM_BANK_0,0xD111,MBIST_RUN,FAIL,FREQ_MARGIN,-0.2395
438,LOT_B001,W002,D0002,1.102,2.695,85,86.365,0.2832,3.8859,1.839,MARCH_Y,SRAM_BANK_1,0xFD15,MBIST_RUN,FAIL,FREQ_MARGIN,-0.2763
439,LOT_B001,W002,D0002,1.102,2.732,85,88.809,0.2704,3.9587,1.709,MARCH_B,SRAM_BANK_1,0xB3B2,MBIST_RUN,FAIL,FREQ_MARGIN,-0.3132
440,LOT_B001,W002,D0002,1.102,2.769,85,86.978,0.2524,3.9357,1.708,MARCH_C_MINUS,SRAM_BANK_1,0xA7F6,MBIST_RUN,FAIL,FREQ_MARGIN,-0.35
441,LOT_B001,W002,D0002,1.122,2.138,85,87.262,0.3327,4.0992,1.651,MARCH_SS,CACHE_L1,NA,MBIST_RUN,PASS,NA,0.35
442,LOT_B001,W002,D0002,1.122,2.175,85,83.562,0.3347,4.199,1.652,MATS_PLUS,CACHE_L1,NA,MBIST_RUN,PASS,NA,0.3132
443,LOT_B001,W002,D0002,1.122,2.212,85,85.752,0.3326,4.2293,1.809,MARCH_Y,CACHE_L1,NA,MBIST_RUN,PASS,NA,0.2763
444,LOT_B001,W002,D0002,1.122,2.249,85,87.884,0.3095,4.1824,1.638,MARCH_B,CACHE_L2,NA,MBIST_RUN,PASS,NA,0.2395
445,LOT_B001,W002,D0002,1.122,2.285,85,86.489,0.3256,4.0822,1.609,MARCH_C_MINUS,CACHE_L2,NA,MBIST_RUN,PASS,NA,0.2026
446,LOT_B001,W002,D0002,1.122,2.322,85,87.141,0.3052,4.074,1.843,MARCH_SS,CACHE_L2,0xF7A5,MBIST_RUN,FAIL,COUPLING_FAULT,0.1658
447,LOT_B001,W002,D0002,1.122,2.359,85,86.872,0.303,4.0805,1.783,MATS_PLUS,REGFILE_A,NA,MBIST_RUN,PASS,NA,0.1289
448,LOT_B001,W002,D0002,1.122,2.396,85,85.583,0.3186,4.1753,1.824,MARCH_Y,REGFILE_A,NA,MBIST_RUN,PASS,NA,0.0921
449,LOT_B001,W002,D0002,1.122,2.433,85,86.223,0.2867,4.0993,1.85,MARCH_B,REGFILE_A,NA,MBIST_RUN,PASS,NA,0.0553
450,LOT_B001,W002,D0002,1.122,2.47,85,85.733,0.2869,4.1483,1.637,MARCH_C_MINUS,SRAM_BANK_0,NA,MBIST_RUN,PASS,NA,0.0184
451,LOT_B001,W002,D0002,1.122,2.506,85,86.158,0.2693,4.1387,1.667,MARCH_SS,SRAM_BANK_0,0x0DDF,MBIST_RUN,FAIL,FREQ_MARGIN,-0.0184
452,LOT_B001,W002,D0002,1.122,2.543,85,86.005,0.291,4.2057,1.626,MATS_PLUS,SRAM_BANK_0,0xF740,MBIST_RUN,FAIL,FREQ_MARGIN,-0.0553
453,LOT_B001,W002,D0002,1.122,2.58,85,87.411,0.2844,4.1241,1.64,MARCH_Y,SRAM_BANK_1,0x4F0E,MBIST_RUN,FAIL,FREQ_MARGIN,-0.0921
454,LOT_B001,W002,D0002,1.122,2.617,85,88.496,0.2931,4.1464,1.782,MARCH_B,SRAM_BANK_1,0xC67D,MBIST_RUN,FAIL,FREQ_MARGIN,-0.1289
455,LOT_B001,W002,D0002,1.122,2.654,85,88.965,0.2706,4.1794,1.639,MARCH_C_MINUS,SRAM_BANK_1,0x8D50,MBIST_RUN,FAIL,FREQ_MARGIN,-0.1658
456,LOT_B001,W002,D0002,1.122,2.691,85,91.154,0.277,4.1787,1.724,MARCH_SS,CACHE_L1,0x9BC2,MBIST_RUN,FAIL,FREQ_MARGIN,-0.2026
457,LOT_B001,W002,D0002,1.122,2.727,85,91.799,0.2301,4.1916,1.604,MATS_PLUS,CACHE_L1,0x602A,MBIST_RUN,FAIL,FREQ_MARGIN,-0.2395
458,LOT_B001,W002,D0002,1.122,2.764,85,87.879,0.2569,4.1993,1.737,MARCH_Y,CACHE_L1,0x9FB0,MBIST_RUN,FAIL,FREQ_MARGIN,-0.2763
459,LOT_B001,W002,D0002,1.122,2.801,85,86.952,0.2705,4.1136,1.63,MARCH_B,CACHE_L2,0xBCEF,MBIST_RUN,FAIL,FREQ_MARGIN,-0.3132
460,LOT_B001,W002,D0002,1.122,2.838,85,91.111,0.2676,4.0483,1.816,MARCH_C_MINUS,CACHE_L2,0x0E93,MBIST_RUN,FAIL,FREQ_MARGIN,-0.35
461,LOT_B001,W002,D0002,1.141,2.207,85,87.758,0.3412,4.3894,1.725,MARCH_SS,CACHE_L2,0xCCCD,MBIST_RUN,FAIL,COUPLING_FAULT,0.35
462,LOT_B001,W002,D0002,1.141,2.244,85,88.139,0.3402,4.3176,1.672,MATS_PLUS,REGFILE_A,NA,MBIST_RUN,PASS,NA,0.3132
463,LOT_B001,W002,D0002,1.141,2.281,85,85.222,0.3022,4.1902,1.783,MARCH_Y,REGFILE_A,NA,MBIST_RUN,PASS,NA,0.2763
464,LOT_B001,W002,D0002,1.141,2.318,85,86.257,0.2936,4.2227,1.614,MARCH_B,REGFILE_A,NA,MBIST_RUN,PASS,NA,0.2395
465,LOT_B001,W002,D0002,1.141,2.354,85,88.167,0.3043,4.423,1.758,MARCH_C_MINUS,SRAM_BANK_0,NA,MBIST_RUN,PASS,NA,0.2026
466,LOT_B001,W002,D0002,1.141,2.391,85,87.111,0.2878,4.2789,1.669,MARCH_SS,SRAM_BANK_0,NA,MBIST_RUN,PASS,NA,0.1658
467,LOT_B001,W002,D0002,1.141,2.428,85,87.185,0.2798,4.2057,1.843,MATS_PLUS,SRAM_BANK_0,NA,MBIST_RUN,PASS,NA,0.1289
468,LOT_B001,W002,D0002,1.141,2.465,85,87.894,0.2829,4.3832,1.706,MARCH_Y,SRAM_BANK_1,NA,MBIST_RUN,PASS,NA,0.0921
469,LOT_B001,W002,D0002,1.141,2.502,85,86.872,0.2712,4.2457,1.721,MARCH_B,SRAM_BANK_1,NA,MBIST_RUN,PASS,NA,0.0553
470,LOT_B001,W002,D0002,1.141,2.539,85,87.447,0.2736,4.3286,1.751,MARCH_C_MINUS,SRAM_BANK_1,NA,MBIST_RUN,PASS,NA,0.0184
471,LOT_B001,W002,D0002,1.141,2.575,85,88.999,0.2814,4.3278,1.756,MARCH_SS,CACHE_L1,0x696E,MBIST_RUN,FAIL,FREQ_MARGIN,-0.0184
472,LOT_B001,W002,D0002,1.141,2.612,85,92.488,0.2833,4.2396,1.741,MATS_PLUS,CACHE_L1,0x3048,MBIST_RUN,FAIL,FREQ_MARGIN,-0.0553
473,LOT_B001,W002,D0002,1.141,2.649,85,90.942,0.2872,4.2222,1.749,MARCH_Y,CACHE_L1,0x719C,MBIST_RUN,FAIL,FREQ_MARGIN,-0.0921
474,LOT_B001,W002,D0002,1.141,2.686,85,93.241,0.2583,4.1964,1.613,MARCH_B,CACHE_L2,0xF5C0,MBIST_RUN,FAIL,FREQ_MARGIN,-0.1289
475,LOT_B001,W002,D0002,1.141,2.723,85,90.369,0.2619,4.2858,1.839,MARCH_C_MINUS,CACHE_L2,0x2DA3,MBIST_RUN,FAIL,FREQ_MARGIN,-0.1658
476,LOT_B001,W002,D0002,1.141,2.76,85,91.735,0.2755,4.2455,1.766,MARCH_SS,CACHE_L2,0x9349,MBIST_RUN,FAIL,FREQ_MARGIN,-0.2026
477,LOT_B001,W002,D0002,1.141,2.796,85,90.857,0.2557,4.33,1.829,MATS_PLUS,REGFILE_A,0xFF9B,MBIST_RUN,FAIL,FREQ_MARGIN,-0.2395
478,LOT_B001,W002,D0002,1.141,2.833,85,91.579,0.2571,4.0864,1.849,MARCH_Y,REGFILE_A,0x035B,MBIST_RUN,FAIL,FREQ_MARGIN,-0.2763
479,LOT_B001,W002,D0002,1.141,2.87,85,93.834,0.2638,4.3766,1.623,MARCH_B,REGFILE_A,0x6170,MBIST_RUN,FAIL,FREQ_MARGIN,-0.3132
480,LOT_B001,W002,D0002,1.141,2.907,85,90.317,0.2289,4.3488,1.749,MARCH_C_MINUS,SRAM_BANK_0,0x865D,MBIST_RUN,FAIL,FREQ_MARGIN,-0.35
481,LOT_B001,W002,D0002,1.16,2.276,85,87.958,0.3211,4.5083,1.65,MARCH_SS,SRAM_BANK_0,NA,MBIST_RUN,PASS,NA,0.35
482,LOT_B001,W002,D0002,1.16,2.313,85,89.628,0.3181,4.5146,1.617,MATS_PLUS,SRAM_BANK_0,NA,MBIST_RUN,PASS,NA,0.3132
483,LOT_B001,W002,D0002,1.16,2.35,85,88.822,0.3043,4.5881,1.667,MARCH_Y,SRAM_BANK_1,NA,MBIST_RUN,PASS,NA,0.2763
484,LOT_B001,W002,D0002,1.16,2.387,85,89.308,0.299,4.5908,1.714,MARCH_B,SRAM_BANK_1,NA,MBIST_RUN,PASS,NA,0.2395
485,LOT_B001,W002,D0002,1.16,2.423,85,86.379,0.304,4.4538,1.711,MARCH_C_MINUS,SRAM_BANK_1,NA,MBIST_RUN,PASS,NA,0.2026
486,LOT_B001,W002,D0002,1.16,2.46,85,89.489,0.2945,4.4639,1.605,MARCH_SS,CACHE_L1,NA,MBIST_RUN,PASS,NA,0.1658
487,LOT_B001,W002,D0002,1.16,2.497,85,89.015,0.2691,4.5011,1.832,MATS_PLUS,CACHE_L1,NA,MBIST_RUN,PASS,NA,0.1289
488,LOT_B001,W002,D0002,1.16,2.534,85,89.649,0.2804,4.6422,1.665,MARCH_Y,CACHE_L1,NA,MBIST_RUN,PASS,NA,0.0921
489,LOT_B001,W002,D0002,1.16,2.571,85,89.147,0.2773,4.5655,1.804,MARCH_B,CACHE_L2,NA,MBIST_RUN,PASS,NA,0.0553
490,LOT_B001,W002,D0002,1.16,2.608,85,88.819,0.2794,4.4216,1.662,MARCH_C_MINUS,CACHE_L2,NA,MBIST_RUN,PASS,NA,0.0184
491,LOT_B001,W002,D0002,1.16,2.644,85,94.579,0.2847,4.3942,1.807,MARCH_SS,CACHE_L2,0x1898,MBIST_RUN,FAIL,FREQ_MARGIN,-0.0184
492,LOT_B001,W002,D0002,1.16,2.681,85,89.711,0.2742,4.5472,1.758,MATS_PLUS,REGFILE_A,0x04B0,MBIST_RUN,FAIL,FREQ_MARGIN,-0.0553
493,LOT_B001,W002,D0002,1.16,2.718,85,91.806,0.265,4.5874,1.726,MARCH_Y,REGFILE_A,0x0295,MBIST_RUN,FAIL,FREQ_MARGIN,-0.0921
494,LOT_B001,W002,D0002,1.16,2.755,85,93.211,0.2624,4.4763,1.715,MARCH_B,REGFILE_A,0xB99D,MBIST_RUN,FAIL,FREQ_MARGIN,-0.1289
495,LOT_B001,W002,D0002,1.16,2.792,85,94.419,0.2466,4.5401,1.645,MARCH_C_MINUS,SRAM_BANK_0,0xAE2D,MBIST_RUN,FAIL,FREQ_MARGIN,-0.1658
496,LOT_B001,W002,D0002,1.16,2.829,85,91.296,0.2304,4.6298,1.816,MARCH_SS,SRAM_BANK_0,0xE1E4,MBIST_RUN,FAIL,FREQ_MARGIN,-0.2026
497,LOT_B001,W002,D0002,1.16,2.865,85,92.092,0.2687,4.4798,1.689,MATS_PLUS,SRAM_BANK_0,0xEBFB,MBIST_RUN,FAIL,FREQ_MARGIN,-0.2395
498,LOT_B001,W002,D0002,1.16,2.902,85,90.759,0.2502,4.4487,1.642,MARCH_Y,SRAM_BANK_1,0x0E2E,MBIST_RUN,FAIL,FREQ_MARGIN,-0.2763
499,LOT_B001,W002,D0002,1.16,2.939,85,90.447,0.2393,4.584,1.704,MARCH_B,SRAM_BANK_1,0x4BBD,MBIST_RUN,FAIL,FREQ_MARGIN,-0.3132
500,LOT_B001,W002,D0002,1.16,2.976,85,93.38,0.2498,4.6214,1.651,MARCH_C_MINUS,SRAM_BANK_1,0x7561,MBIST_RUN,FAIL,FREQ_MARGIN,-0.35
