Point_ID,Lot_ID,Wafer_ID,Die_ID,VDD_V,Frequency_GHz,Temperature_C,Current_mA,Timing_ns,Leakage_mA,Test_Time_ms,Pattern_ID,Test_ID,Failure_Code,Margin_GHz
1,LOT_A001,W001,D0001,0.8,1,85,57.751,0.7437,3.508,1.791,ATPG_001,SCAN_AT_SPEED,NA,0.2409
2,LOT_A001,W001,D0001,0.8,1.02,85,61.703,0.7544,3.21,1.825,ATPG_002,SCAN_AT_SPEED,NA,0.2078
3,LOT_A001,W001,D0001,0.8,1.04,85,58.882,0.7536,2.993,1.738,ATPG_003,SCAN_AT_SPEED,NA,0.1837
4,LOT_A001,W001,D0001,0.8,1.06,85,58.757,0.7635,3.144,1.754,ATPG_004,SCAN_AT_SPEED,NA,0.1619
5,LOT_A001,W001,D0001,0.8,1.08,85,61.034,0.7676,3.066,1.793,ATPG_005,SCAN_AT_SPEED,NA,0.1784
6,LOT_A001,W001,D0001,0.8,1.1,85,60.228,0.7818,3.19,1.806,ATPG_006,SCAN_AT_SPEED,NA,0.134
7,LOT_A001,W001,D0001,0.8,1.12,85,66.494,0.7834,3.121,1.855,ATPG_007,SCAN_AT_SPEED,NA,0.1012
8,LOT_A001,W001,D0001,0.8,1.14,85,64.396,0.7569,3.081,1.833,ATPG_008,SCAN_AT_SPEED,NA,0.07
9,LOT_A001,W001,D0001,0.8,1.16,85,65.188,0.7987,3.235,1.77,ATPG_009,SCAN_AT_SPEED,NA,0.0853
10,LOT_A001,W001,D0001,0.8,1.18,85,64.911,0.8284,3.332,1.762,ATPG_010,SCAN_AT_SPEED,NA,0.039
11,LOT_A001,W001,D0001,0.8,1.2,85,65.907,0.8058,3.372,1.877,ATPG_011,SCAN_AT_SPEED,NA,0.0378
12,LOT_A001,W001,D0001,0.8,1.22,85,65.949,0.821,3.33,1.879,ATPG_012,SCAN_AT_SPEED,NA,0.0288
13,LOT_A001,W001,D0001,0.8,1.24,85,67.986,0.8153,3.101,1.876,ATPG_013,SCAN_AT_SPEED,FREQ_MARGIN,-0.0166
14,LOT_A001,W001,D0001,0.8,1.26,85,69.05,0.8619,3.334,1.821,ATPG_014,SCAN_AT_SPEED,FREQ_MARGIN,-0.0036
15,LOT_A001,W001,D0001,0.8,1.28,85,72.808,0.8518,3.515,1.746,ATPG_015,SCAN_AT_SPEED,FREQ_MARGIN,-0.0415
16,LOT_A001,W001,D0001,0.8,1.3,85,71.057,0.8556,3.294,1.774,ATPG_016,SCAN_AT_SPEED,FREQ_MARGIN,-0.0532
17,LOT_A001,W001,D0001,0.8,1.32,85,72.403,0.8962,3.202,1.825,ATPG_017,SCAN_AT_SPEED,FREQ_MARGIN,-0.092
18,LOT_A001,W001,D0001,0.8,1.34,85,74.268,0.8841,3.201,1.882,ATPG_018,SCAN_AT_SPEED,FREQ_MARGIN,-0.117
19,LOT_A001,W001,D0001,0.8,1.36,85,75.224,0.8742,3.231,1.849,ATPG_019,SCAN_AT_SPEED,FREQ_MARGIN,-0.1263
20,LOT_A001,W001,D0001,0.8,1.38,85,74.873,0.9001,3.281,1.859,ATPG_020,SCAN_AT_SPEED,FREQ_MARGIN,-0.1743
21,LOT_A001,W001,D0001,0.8,1.4,85,74.443,0.8978,3.16,1.866,ATPG_021,SCAN_AT_SPEED,FREQ_MARGIN,-0.1935
22,LOT_A001,W001,D0001,0.8,1.42,85,79.455,0.9157,3.319,1.873,ATPG_022,SCAN_AT_SPEED,FREQ_MARGIN,-0.1807
23,LOT_A001,W001,D0001,0.8,1.44,85,76.872,0.9223,3.649,1.872,ATPG_023,SCAN_AT_SPEED,FREQ_MARGIN,-0.2425
24,LOT_A001,W001,D0001,0.8,1.46,85,77.718,0.9088,3.451,1.913,ATPG_024,SCAN_AT_SPEED,FREQ_MARGIN,-0.2226
25,LOT_A001,W001,D0001,0.8,1.48,85,77.003,0.9637,3.07,1.91,ATPG_025,SCAN_AT_SPEED,FREQ_MARGIN,-0.2338
26,LOT_A001,W001,D0001,0.8,1.5,85,77.717,0.9368,3.295,1.87,ATPG_026,SCAN_AT_SPEED,FREQ_MARGIN,-0.2286
27,LOT_A001,W001,D0001,0.8,1.52,85,80.483,0.9365,3.351,1.857,ATPG_027,SCAN_AT_SPEED,FREQ_MARGIN,-0.3159
28,LOT_A001,W001,D0001,0.8,1.54,85,79.81,0.9584,3.402,1.848,ATPG_028,SCAN_AT_SPEED,FREQ_MARGIN,-0.2801
29,LOT_A001,W001,D0001,0.8,1.56,85,84.433,0.9439,3.308,1.911,ATPG_029,SCAN_AT_SPEED,FREQ_MARGIN,-0.3239
30,LOT_A001,W001,D0001,0.8,1.58,85,80.713,0.9576,3.358,1.916,ATPG_030,SCAN_AT_SPEED,FREQ_MARGIN,-0.3339
31,LOT_A001,W001,D0001,0.8,1.6,85,84.424,0.9778,3.315,1.92,ATPG_031,SCAN_AT_SPEED,FREQ_MARGIN,-0.3635
32,LOT_A001,W001,D0001,0.8,1.62,85,88.018,1.0071,3.101,1.938,ATPG_032,SCAN_AT_SPEED,FREQ_MARGIN,-0.4009
33,LOT_A001,W001,D0001,0.8,1.64,85,86.937,1.0281,3.157,1.954,ATPG_033,SCAN_AT_SPEED,FREQ_MARGIN,-0.4255
34,LOT_A001,W001,D0001,0.8,1.66,85,87.86,1.0499,3.243,1.889,ATPG_034,SCAN_AT_SPEED,FREQ_MARGIN,-0.4206
35,LOT_A001,W001,D0001,0.8,1.68,85,85.772,1.023,3.331,1.933,ATPG_035,SCAN_AT_SPEED,FREQ_MARGIN,-0.464
36,LOT_A001,W001,D0001,0.8,1.7,85,88.123,1.0592,3.24,2.035,ATPG_036,SCAN_AT_SPEED,FREQ_MARGIN,-0.4531
37,LOT_A001,W001,D0001,0.8,1.72,85,87.417,1.0223,3.352,1.921,ATPG_037,SCAN_AT_SPEED,FREQ_MARGIN,-0.4767
38,LOT_A001,W001,D0001,0.8,1.74,85,90.672,1.0489,3.153,1.873,ATPG_038,SCAN_AT_SPEED,FREQ_MARGIN,-0.4951
39,LOT_A001,W001,D0001,0.8,1.76,85,92.222,1.0627,3.093,1.944,ATPG_039,SCAN_AT_SPEED,FREQ_MARGIN,-0.536
40,LOT_A001,W001,D0001,0.8,1.78,85,89.949,1.0702,3.289,1.895,ATPG_040,SCAN_AT_SPEED,FREQ_MARGIN,-0.5411
41,LOT_A001,W001,D0001,0.8,1.8,85,93.409,1.0955,3.438,1.889,ATPG_041,SCAN_AT_SPEED,FREQ_MARGIN,-0.5616
42,LOT_A001,W001,D0001,0.8,1.82,85,94.187,1.0938,3.357,2.102,ATPG_042,SCAN_AT_SPEED,FREQ_MARGIN,-0.6049
43,LOT_A001,W001,D0001,0.8,1.84,85,96.164,1.1104,3.378,1.939,ATPG_043,SCAN_AT_SPEED,TIMING,-0.5977
44,LOT_A001,W001,D0001,0.8,1.86,85,93.589,1.0975,3.207,1.958,ATPG_044,SCAN_AT_SPEED,FREQ_MARGIN,-0.6143
45,LOT_A001,W001,D0001,0.8,1.88,85,92.479,1.1228,3.038,1.94,ATPG_045,SCAN_AT_SPEED,TIMING,-0.6063
46,LOT_A001,W001,D0001,0.8,1.9,85,96.816,1.0996,3.173,1.989,ATPG_046,SCAN_AT_SPEED,FREQ_MARGIN,-0.6484
47,LOT_A001,W001,D0001,0.8,1.92,85,97.95,1.1284,3.182,2.051,ATPG_047,SCAN_AT_SPEED,TIMING,-0.7011
48,LOT_A001,W001,D0001,0.8,1.94,85,94.775,1.1396,3.181,2.003,ATPG_048,SCAN_AT_SPEED,TIMING,-0.6966
49,LOT_A001,W001,D0001,0.8,1.96,85,99.073,1.1539,3.41,1.925,ATPG_049,SCAN_AT_SPEED,TIMING,-0.7423
50,LOT_A001,W001,D0001,0.8,1.98,85,99.285,1.1416,3.545,1.993,ATPG_050,SCAN_AT_SPEED,TIMING,-0.754
51,LOT_A001,W001,D0001,0.81,1,85,59.932,0.769,3.49,1.739,ATPG_051,SCAN_AT_SPEED,NA,0.2482
52,LOT_A001,W001,D0001,0.81,1.02,85,61.42,0.7267,3.402,1.835,ATPG_052,SCAN_AT_SPEED,NA,0.2422
53,LOT_A001,W001,D0001,0.81,1.04,85,59.893,0.6897,3.181,1.797,ATPG_053,SCAN_AT_SPEED,NA,0.2142
54,LOT_A001,W001,D0001,0.81,1.06,85,63.798,0.7309,3.269,1.816,ATPG_054,SCAN_AT_SPEED,NA,0.1885
55,LOT_A001,W001,D0001,0.81,1.08,85,59.135,0.7861,3.337,1.775,ATPG_055,SCAN_AT_SPEED,NA,0.2169
56,LOT_A001,W001,D0001,0.81,1.1,85,62.938,0.763,3.345,1.803,ATPG_056,SCAN_AT_SPEED,NA,0.1792
57,LOT_A001,W001,D0001,0.81,1.12,85,64.632,0.8109,3.149,1.907,ATPG_057,SCAN_AT_SPEED,NA,0.153
58,LOT_A001,W001,D0001,0.81,1.14,85,64.027,0.8016,3.377,1.8,ATPG_058,SCAN_AT_SPEED,NA,0.0958
59,LOT_A001,W001,D0001,0.81,1.16,85,64.273,0.789,3.462,1.843,ATPG_059,SCAN_AT_SPEED,NA,0.1072
60,LOT_A001,W001,D0001,0.81,1.18,85,67.639,0.8137,3.457,1.858,ATPG_060,SCAN_AT_SPEED,NA,0.0784
61,LOT_A001,W001,D0001,0.81,1.2,85,65.872,0.8303,3.427,1.835,ATPG_061,SCAN_AT_SPEED,NA,0.056
62,LOT_A001,W001,D0001,0.81,1.22,85,70.04,0.8148,3.417,1.832,ATPG_062,SCAN_AT_SPEED,NA,0.053
63,LOT_A001,W001,D0001,0.81,1.24,85,70.578,0.8489,3.457,1.895,ATPG_063,SCAN_AT_SPEED,NA,0.027
64,LOT_A001,W001,D0001,0.81,1.26,85,70.688,0.837,3.384,1.842,ATPG_064,SCAN_AT_SPEED,NA,0.0113
65,LOT_A001,W001,D0001,0.81,1.28,85,71.391,0.8365,3.649,1.81,ATPG_065,SCAN_AT_SPEED,FREQ_MARGIN,-0.0073
66,LOT_A001,W001,D0001,0.81,1.3,85,73.265,0.874,3.429,1.879,ATPG_066,SCAN_AT_SPEED,FREQ_MARGIN,-0.0509
67,LOT_A001,W001,D0001,0.81,1.32,85,70.425,0.8698,3.233,1.897,ATPG_067,SCAN_AT_SPEED,FREQ_MARGIN,-0.0493
68,LOT_A001,W001,D0001,0.81,1.34,85,71.414,0.8712,3.397,1.839,ATPG_068,SCAN_AT_SPEED,FREQ_MARGIN,-0.0717
69,LOT_A001,W001,D0001,0.81,1.36,85,74.199,0.89,3.259,1.846,ATPG_069,SCAN_AT_SPEED,FREQ_MARGIN,-0.1039
70,LOT_A001,W001,D0001,0.81,1.38,85,72.013,0.8689,3.227,1.86,ATPG_070,SCAN_AT_SPEED,FREQ_MARGIN,-0.1049
71,LOT_A001,W001,D0001,0.81,1.4,85,78.136,0.9182,3.311,1.871,ATPG_071,SCAN_AT_SPEED,FREQ_MARGIN,-0.1235
72,LOT_A001,W001,D0001,0.81,1.42,85,76.307,0.9062,3.383,1.843,ATPG_072,SCAN_AT_SPEED,FREQ_MARGIN,-0.1671
73,LOT_A001,W001,D0001,0.81,1.44,85,79.959,0.918,3.395,1.907,ATPG_073,SCAN_AT_SPEED,FREQ_MARGIN,-0.1597
74,LOT_A001,W001,D0001,0.81,1.46,85,78.463,0.9288,3.35,1.852,ATPG_074,SCAN_AT_SPEED,FREQ_MARGIN,-0.1963
75,LOT_A001,W001,D0001,0.81,1.48,85,79.816,0.9633,3.479,1.973,ATPG_075,SCAN_AT_SPEED,FREQ_MARGIN,-0.2086
76,LOT_A001,W001,D0001,0.81,1.5,85,81.35,0.9491,3.663,1.858,ATPG_076,SCAN_AT_SPEED,FREQ_MARGIN,-0.2429
77,LOT_A001,W001,D0001,0.81,1.52,85,79.561,0.9162,3.256,1.863,ATPG_077,SCAN_AT_SPEED,FREQ_MARGIN,-0.2642
78,LOT_A001,W001,D0001,0.81,1.54,85,82.115,0.9968,3.478,1.874,ATPG_078,SCAN_AT_SPEED,FREQ_MARGIN,-0.2664
79,LOT_A001,W001,D0001,0.81,1.56,85,83.245,0.9478,3.61,1.948,ATPG_079,SCAN_AT_SPEED,FREQ_MARGIN,-0.3053
80,LOT_A001,W001,D0001,0.81,1.58,85,80.136,1.0046,3.318,1.954,ATPG_080,SCAN_AT_SPEED,FREQ_MARGIN,-0.3175
81,LOT_A001,W001,D0001,0.81,1.6,85,83.001,0.9889,3.342,1.89,ATPG_081,SCAN_AT_SPEED,FREQ_MARGIN,-0.3578
82,LOT_A001,W001,D0001,0.81,1.62,85,83.018,0.9948,3.353,1.932,ATPG_082,SCAN_AT_SPEED,FREQ_MARGIN,-0.3379
83,LOT_A001,W001,D0001,0.81,1.64,85,83.776,0.9784,3.527,1.928,ATPG_083,SCAN_AT_SPEED,FREQ_MARGIN,-0.3563
84,LOT_A001,W001,D0001,0.81,1.66,85,89.452,1.0167,3.512,1.922,ATPG_084,SCAN_AT_SPEED,FREQ_MARGIN,-0.4026
85,LOT_A001,W001,D0001,0.81,1.68,85,90.68,1.0187,3.481,1.948,ATPG_085,SCAN_AT_SPEED,FREQ_MARGIN,-0.372
86,LOT_A001,W001,D0001,0.81,1.7,85,86.643,1.0441,3.494,1.856,ATPG_086,SCAN_AT_SPEED,FREQ_MARGIN,-0.4044
87,LOT_A001,W001,D0001,0.81,1.72,85,85.569,1.0356,3.443,1.99,ATPG_087,SCAN_AT_SPEED,FREQ_MARGIN,-0.4704
88,LOT_A001,W001,D0001,0.81,1.74,85,93.032,1.0242,3.079,1.931,ATPG_088,SCAN_AT_SPEED,FREQ_MARGIN,-0.4677
89,LOT_A001,W001,D0001,0.81,1.76,85,90.901,1.0204,3.322,1.885,ATPG_089,SCAN_AT_SPEED,FREQ_MARGIN,-0.4822
90,LOT_A001,W001,D0001,0.81,1.78,85,92.48,1.0493,3.258,1.898,ATPG_090,SCAN_AT_SPEED,FREQ_MARGIN,-0.497
91,LOT_A001,W001,D0001,0.81,1.8,85,94.399,1.0571,3.411,1.923,ATPG_091,SCAN_AT_SPEED,FREQ_MARGIN,-0.5302
92,LOT_A001,W001,D0001,0.81,1.82,85,93.347,1.0648,3.252,1.9,ATPG_092,SCAN_AT_SPEED,FREQ_MARGIN,-0.5634
93,LOT_A001,W001,D0001,0.81,1.84,85,94.463,1.0794,3.367,1.947,ATPG_093,SCAN_AT_SPEED,FREQ_MARGIN,-0.5337
94,LOT_A001,W001,D0001,0.81,1.86,85,96.366,1.1142,3.255,1.932,ATPG_094,SCAN_AT_SPEED,TIMING,-0.5931
95,LOT_A001,W001,D0001,0.81,1.88,85,91.977,1.0819,3.54,2.024,ATPG_095,SCAN_AT_SPEED,FREQ_MARGIN,-0.614
96,LOT_A001,W001,D0001,0.81,1.9,85,98.018,1.1234,3.797,2.007,ATPG_096,SCAN_AT_SPEED,TIMING,-0.6336
97,LOT_A001,W001,D0001,0.81,1.92,85,96.12,1.0975,3.366,1.935,ATPG_097,SCAN_AT_SPEED,FREQ_MARGIN,-0.6514
98,LOT_A001,W001,D0001,0.81,1.94,85,97.536,1.1155,3.588,2.004,ATPG_098,SCAN_AT_SPEED,TIMING,-0.6947
99,LOT_A001,W001,D0001,0.81,1.96,85,102.224,1.145,3.206,2.034,ATPG_099,SCAN_AT_SPEED,TIMING,-0.6892
100,LOT_A001,W001,D0001,0.81,1.98,85,98.553,1.1488,3.204,1.921,ATPG_100,SCAN_AT_SPEED,TIMING,-0.6994
101,LOT_A001,W001,D0001,0.82,1,85,61.997,0.7044,3.474,1.774,ATPG_001,SCAN_AT_SPEED,NA,0.3262
102,LOT_A001,W001,D0001,0.82,1.02,85,58.354,0.7226,3.397,1.77,ATPG_002,SCAN_AT_SPEED,NA,0.2807
103,LOT_A001,W001,D0001,0.82,1.04,85,60.19,0.7425,3.254,1.784,ATPG_003,SCAN_AT_SPEED,NA,0.2743
104,LOT_A001,W001,D0001,0.82,1.06,85,62.042,0.7378,3.405,1.841,ATPG_004,SCAN_AT_SPEED,NA,0.2631
105,LOT_A001,W001,D0001,0.82,1.08,85,62.978,0.7521,3.476,1.784,ATPG_005,SCAN_AT_SPEED,NA,0.1994
106,LOT_A001,W001,D0001,0.82,1.1,85,59.93,0.7735,3.429,1.782,ATPG_006,SCAN_AT_SPEED,NA,0.177
107,LOT_A001,W001,D0001,0.82,1.12,85,60.729,0.78,3.208,1.796,ATPG_007,SCAN_AT_SPEED,NA,0.201
108,LOT_A001,W001,D0001,0.82,1.14,85,63.031,0.7829,3.541,1.802,ATPG_008,SCAN_AT_SPEED,NA,0.1703
109,LOT_A001,W001,D0001,0.82,1.16,85,63.407,0.8079,3.606,1.73,ATPG_009,SCAN_AT_SPEED,NA,0.1645
110,LOT_A001,W001,D0001,0.82,1.18,85,67.339,0.8033,3.446,1.808,ATPG_010,SCAN_AT_SPEED,NA,0.1151
111,LOT_A001,W001,D0001,0.82,1.2,85,66.88,0.8366,3.428,1.85,ATPG_011,SCAN_AT_SPEED,NA,0.111
112,LOT_A001,W001,D0001,0.82,1.22,85,67.142,0.8164,3.449,1.823,ATPG_012,SCAN_AT_SPEED,NA,0.0821
113,LOT_A001,W001,D0001,0.82,1.24,85,72.616,0.8485,3.341,1.891,ATPG_013,SCAN_AT_SPEED,NA,0.0747
114,LOT_A001,W001,D0001,0.82,1.26,85,66.071,0.8233,3.109,1.833,ATPG_014,SCAN_AT_SPEED,NA,0.0421
115,LOT_A001,W001,D0001,0.82,1.28,85,73.618,0.8559,3.357,1.884,ATPG_015,SCAN_AT_SPEED,NA,0.0298
116,LOT_A001,W001,D0001,0.82,1.3,85,71.884,0.8725,3.168,1.9,ATPG_016,SCAN_AT_SPEED,FREQ_MARGIN,-0.0303
117,LOT_A001,W001,D0001,0.82,1.32,85,71.572,0.8786,3.731,1.865,ATPG_017,SCAN_AT_SPEED,FREQ_MARGIN,-0.0044
118,LOT_A001,W001,D0001,0.82,1.34,85,72.353,0.8605,3.515,1.827,ATPG_018,SCAN_AT_SPEED,FREQ_MARGIN,-0.0261
119,LOT_A001,W001,D0001,0.82,1.36,85,73.18,0.893,3.44,1.906,ATPG_019,SCAN_AT_SPEED,FREQ_MARGIN,-0.0492
120,LOT_A001,W001,D0001,0.82,1.38,85,74.414,0.8754,3.323,1.883,ATPG_020,SCAN_AT_SPEED,FREQ_MARGIN,-0.0797
121,LOT_A001,W001,D0001,0.82,1.4,85,74.1,0.9173,3.593,1.889,ATPG_021,SCAN_AT_SPEED,FREQ_MARGIN,-0.0769
122,LOT_A001,W001,D0001,0.82,1.42,85,75.227,0.8878,3.123,1.935,ATPG_022,SCAN_AT_SPEED,FREQ_MARGIN,-0.0767
123,LOT_A001,W001,D0001,0.82,1.44,85,77.38,0.9238,3.221,1.977,ATPG_023,SCAN_AT_SPEED,FREQ_MARGIN,-0.1187
124,LOT_A001,W001,D0001,0.82,1.46,85,78.537,0.9405,3.462,1.892,ATPG_024,SCAN_AT_SPEED,FREQ_MARGIN,-0.1482
125,LOT_A001,W001,D0001,0.82,1.48,85,80.049,0.9699,3.592,1.95,ATPG_025,SCAN_AT_SPEED,FREQ_MARGIN,-0.1847
126,LOT_A001,W001,D0001,0.82,1.5,85,78.279,0.9423,3.398,1.934,ATPG_026,SCAN_AT_SPEED,FREQ_MARGIN,-0.1997
127,LOT_A001,W001,D0001,0.82,1.52,85,83.673,0.9504,3.326,1.853,ATPG_027,SCAN_AT_SPEED,FREQ_MARGIN,-0.241
128,LOT_A001,W001,D0001,0.82,1.54,85,83.262,0.9631,3.197,1.845,ATPG_028,SCAN_AT_SPEED,FREQ_MARGIN,-0.2603
129,LOT_A001,W001,D0001,0.82,1.56,85,85.644,0.9657,3.165,1.891,ATPG_029,SCAN_AT_SPEED,FREQ_MARGIN,-0.2566
130,LOT_A001,W001,D0001,0.82,1.58,85,78.646,0.978,3.355,1.932,ATPG_030,SCAN_AT_SPEED,FREQ_MARGIN,-0.2754
131,LOT_A001,W001,D0001,0.82,1.6,85,86.388,0.9828,3.224,2.011,ATPG_031,SCAN_AT_SPEED,FREQ_MARGIN,-0.2572
132,LOT_A001,W001,D0001,0.82,1.62,85,85.245,0.9958,3.42,1.906,ATPG_032,SCAN_AT_SPEED,FREQ_MARGIN,-0.3095
133,LOT_A001,W001,D0001,0.82,1.64,85,85.096,1.0042,3.308,1.887,ATPG_033,SCAN_AT_SPEED,FREQ_MARGIN,-0.3408
134,LOT_A001,W001,D0001,0.82,1.66,85,86.481,1.0405,2.992,1.962,ATPG_034,SCAN_AT_SPEED,FREQ_MARGIN,-0.3486
135,LOT_A001,W001,D0001,0.82,1.68,85,84.068,1.0158,3.334,1.866,ATPG_035,SCAN_AT_SPEED,FREQ_MARGIN,-0.3481
136,LOT_A001,W001,D0001,0.82,1.7,85,86.661,1.0621,3.53,1.977,ATPG_036,SCAN_AT_SPEED,FREQ_MARGIN,-0.4045
137,LOT_A001,W001,D0001,0.82,1.72,85,87.488,1.0298,3.463,1.881,ATPG_037,SCAN_AT_SPEED,FREQ_MARGIN,-0.3975
138,LOT_A001,W001,D0001,0.82,1.74,85,89.947,1.0411,3.497,1.951,ATPG_038,SCAN_AT_SPEED,FREQ_MARGIN,-0.4177
139,LOT_A001,W001,D0001,0.82,1.76,85,93.327,1.0369,3.482,1.961,ATPG_039,SCAN_AT_SPEED,FREQ_MARGIN,-0.457
140,LOT_A001,W001,D0001,0.82,1.78,85,92.687,1.0425,3.529,1.933,ATPG_040,SCAN_AT_SPEED,FREQ_MARGIN,-0.4761
141,LOT_A001,W001,D0001,0.82,1.8,85,94.848,1.0609,3.179,1.882,ATPG_041,SCAN_AT_SPEED,FREQ_MARGIN,-0.4999
142,LOT_A001,W001,D0001,0.82,1.82,85,91.515,1.1138,3.078,2.015,ATPG_042,SCAN_AT_SPEED,TIMING,-0.4996
143,LOT_A001,W001,D0001,0.82,1.84,85,94.506,1.081,3.45,1.95,ATPG_043,SCAN_AT_SPEED,FREQ_MARGIN,-0.5267
144,LOT_A001,W001,D0001,0.82,1.86,85,95.746,1.1021,3.335,1.953,ATPG_044,SCAN_AT_SPEED,TIMING,-0.5307
145,LOT_A001,W001,D0001,0.82,1.88,85,93.322,1.0837,3.501,1.965,ATPG_045,SCAN_AT_SPEED,FREQ_MARGIN,-0.565
146,LOT_A001,W001,D0001,0.82,1.9,85,97.293,1.1229,3.309,1.931,ATPG_046,SCAN_AT_SPEED,TIMING,-0.5938
147,LOT_A001,W001,D0001,0.82,1.92,85,96.359,1.1325,3.135,2.007,ATPG_047,SCAN_AT_SPEED,TIMING,-0.607
148,LOT_A001,W001,D0001,0.82,1.94,85,99.441,1.1515,3.64,2.01,ATPG_048,SCAN_AT_SPEED,TIMING,-0.622
149,LOT_A001,W001,D0001,0.82,1.96,85,97.537,1.1312,3.394,1.994,ATPG_049,SCAN_AT_SPEED,TIMING,-0.6837
150,LOT_A001,W001,D0001,0.82,1.98,85,101.036,1.1374,3.298,1.92,ATPG_050,SCAN_AT_SPEED,TIMING,-0.6836
151,LOT_A001,W001,D0001,0.83,1,85,56.407,0.7108,3.603,1.762,ATPG_051,SCAN_AT_SPEED,NA,0.3311
152,LOT_A001,W001,D0001,0.83,1.02,85,60.588,0.7403,3.316,1.832,ATPG_052,SCAN_AT_SPEED,NA,0.3751
153,LOT_A001,W001,D0001,0.83,1.04,85,60.78,0.7917,3.431,1.853,ATPG_053,SCAN_AT_SPEED,NA,0.2973
154,LOT_A001,W001,D0001,0.83,1.06,85,61.357,0.7861,3.351,1.883,ATPG_054,SCAN_AT_SPEED,NA,0.275
155,LOT_A001,W001,D0001,0.83,1.08,85,61.268,0.7742,3.591,1.839,ATPG_055,SCAN_AT_SPEED,NA,0.2804
156,LOT_A001,W001,D0001,0.83,1.1,85,61.831,0.7669,3.434,1.843,ATPG_056,SCAN_AT_SPEED,NA,0.2194
157,LOT_A001,W001,D0001,0.83,1.12,85,61.596,0.7868,3.537,1.844,ATPG_057,SCAN_AT_SPEED,NA,0.2309
158,LOT_A001,W001,D0001,0.83,1.14,85,66.361,0.7969,3.434,1.759,ATPG_058,SCAN_AT_SPEED,NA,0.2271
159,LOT_A001,W001,D0001,0.83,1.16,85,66.094,0.8021,3.253,1.786,ATPG_059,SCAN_AT_SPEED,NA,0.1954
160,LOT_A001,W001,D0001,0.83,1.18,85,66.509,0.8181,3.449,1.834,ATPG_060,SCAN_AT_SPEED,NA,0.1866
161,LOT_A001,W001,D0001,0.83,1.2,85,66.511,0.8161,3.376,1.819,ATPG_061,SCAN_AT_SPEED,NA,0.1646
162,LOT_A001,W001,D0001,0.83,1.22,85,68.7,0.8144,3.633,1.804,ATPG_062,SCAN_AT_SPEED,NA,0.1221
163,LOT_A001,W001,D0001,0.83,1.24,85,68.368,0.8576,3.474,1.884,ATPG_063,SCAN_AT_SPEED,NA,0.1043
164,LOT_A001,W001,D0001,0.83,1.26,85,70.501,0.8562,3.457,1.889,ATPG_064,SCAN_AT_SPEED,NA,0.0609
165,LOT_A001,W001,D0001,0.83,1.28,85,73.417,0.8902,3.391,1.833,ATPG_065,SCAN_AT_SPEED,NA,0.0584
166,LOT_A001,W001,D0001,0.83,1.3,85,74.583,0.848,3.382,1.843,ATPG_066,SCAN_AT_SPEED,NA,0.0738
167,LOT_A001,W001,D0001,0.83,1.32,85,70.946,0.8479,3.33,1.856,ATPG_067,SCAN_AT_SPEED,NA,0.0035
168,LOT_A001,W001,D0001,0.83,1.34,85,76.251,0.8566,3.593,1.853,ATPG_068,SCAN_AT_SPEED,NA,0.0119
169,LOT_A001,W001,D0001,0.83,1.36,85,75.535,0.863,3.502,1.871,ATPG_069,SCAN_AT_SPEED,FREQ_MARGIN,-0.0132
170,LOT_A001,W001,D0001,0.83,1.38,85,75.701,0.936,3.349,1.847,ATPG_070,SCAN_AT_SPEED,FREQ_MARGIN,-0.0235
171,LOT_A001,W001,D0001,0.83,1.4,85,75.04,0.8889,3.623,1.929,ATPG_071,SCAN_AT_SPEED,FREQ_MARGIN,-0.0635
172,LOT_A001,W001,D0001,0.83,1.42,85,75.402,0.9175,3.362,1.901,ATPG_072,SCAN_AT_SPEED,FREQ_MARGIN,-0.0826
173,LOT_A001,W001,D0001,0.83,1.44,85,75.032,0.9455,3.714,1.855,ATPG_073,SCAN_AT_SPEED,FREQ_MARGIN,-0.0887
174,LOT_A001,W001,D0001,0.83,1.46,85,79.135,0.9322,3.544,1.963,ATPG_074,SCAN_AT_SPEED,FREQ_MARGIN,-0.1193
175,LOT_A001,W001,D0001,0.83,1.48,85,78.043,0.91,3.335,1.885,ATPG_075,SCAN_AT_SPEED,FREQ_MARGIN,-0.1355
176,LOT_A001,W001,D0001,0.83,1.5,85,79.408,0.9474,3.443,1.938,ATPG_076,SCAN_AT_SPEED,FREQ_MARGIN,-0.12
177,LOT_A001,W001,D0001,0.83,1.52,85,80.244,0.9432,3.602,1.921,ATPG_077,SCAN_AT_SPEED,FREQ_MARGIN,-0.1268
178,LOT_A001,W001,D0001,0.83,1.54,85,83.111,0.9541,3.534,1.942,ATPG_078,SCAN_AT_SPEED,FREQ_MARGIN,-0.1591
179,LOT_A001,W001,D0001,0.83,1.56,85,83.833,0.9884,3.62,1.956,ATPG_079,SCAN_AT_SPEED,FREQ_MARGIN,-0.1976
180,LOT_A001,W001,D0001,0.83,1.58,85,83.479,0.9804,3.626,1.872,ATPG_080,SCAN_AT_SPEED,FREQ_MARGIN,-0.2206
181,LOT_A001,W001,D0001,0.83,1.6,85,83.932,0.9869,3.637,1.916,ATPG_081,SCAN_AT_SPEED,FREQ_MARGIN,-0.2457
182,LOT_A001,W001,D0001,0.83,1.62,85,83.052,1.0084,3.542,1.998,ATPG_082,SCAN_AT_SPEED,FREQ_MARGIN,-0.2715
183,LOT_A001,W001,D0001,0.83,1.64,85,86.754,1.0081,3.682,1.911,ATPG_083,SCAN_AT_SPEED,FREQ_MARGIN,-0.2979
184,LOT_A001,W001,D0001,0.83,1.66,85,88.314,1.0156,3.378,1.927,ATPG_084,SCAN_AT_SPEED,FREQ_MARGIN,-0.3073
185,LOT_A001,W001,D0001,0.83,1.68,85,86.232,1.0232,3.34,1.97,ATPG_085,SCAN_AT_SPEED,FREQ_MARGIN,-0.313
186,LOT_A001,W001,D0001,0.83,1.7,85,87.934,1.0362,3.68,1.923,ATPG_086,SCAN_AT_SPEED,FREQ_MARGIN,-0.3797
187,LOT_A001,W001,D0001,0.83,1.72,85,93.186,1.0119,3.115,1.947,ATPG_087,SCAN_AT_SPEED,FREQ_MARGIN,-0.3823
188,LOT_A001,W001,D0001,0.83,1.74,85,88.822,1.0594,3.482,1.911,ATPG_088,SCAN_AT_SPEED,FREQ_MARGIN,-0.4014
189,LOT_A001,W001,D0001,0.83,1.76,85,93.09,1.0669,3.43,2.011,ATPG_089,SCAN_AT_SPEED,FREQ_MARGIN,-0.4354
190,LOT_A001,W001,D0001,0.83,1.78,85,89.634,1.0513,3.438,1.95,ATPG_090,SCAN_AT_SPEED,FREQ_MARGIN,-0.4516
191,LOT_A001,W001,D0001,0.83,1.8,85,93.874,1.0499,3.662,1.941,ATPG_091,SCAN_AT_SPEED,FREQ_MARGIN,-0.4567
192,LOT_A001,W001,D0001,0.83,1.82,85,94.717,1.0892,3.53,1.966,ATPG_092,SCAN_AT_SPEED,FREQ_MARGIN,-0.4522
193,LOT_A001,W001,D0001,0.83,1.84,85,97.352,1.0931,3.551,1.948,ATPG_093,SCAN_AT_SPEED,FREQ_MARGIN,-0.4808
194,LOT_A001,W001,D0001,0.83,1.86,85,94.602,1.1306,3.439,1.898,ATPG_094,SCAN_AT_SPEED,TIMING,-0.4864
195,LOT_A001,W001,D0001,0.83,1.88,85,95.454,1.1219,3.347,1.941,ATPG_095,SCAN_AT_SPEED,TIMING,-0.53
196,LOT_A001,W001,D0001,0.83,1.9,85,96.726,1.0718,3.207,1.992,ATPG_096,SCAN_AT_SPEED,FREQ_MARGIN,-0.5863
197,LOT_A001,W001,D0001,0.83,1.92,85,99.166,1.1066,3.438,1.965,ATPG_097,SCAN_AT_SPEED,TIMING,-0.5582
198,LOT_A001,W001,D0001,0.83,1.94,85,101.966,1.1484,3.412,1.97,ATPG_098,SCAN_AT_SPEED,TIMING,-0.6132
199,LOT_A001,W001,D0001,0.83,1.96,85,96.445,1.1368,3.343,1.933,ATPG_099,SCAN_AT_SPEED,TIMING,-0.6086
200,LOT_A001,W001,D0001,0.83,1.98,85,104.216,1.1613,3.359,1.999,ATPG_100,SCAN_AT_SPEED,TIMING,-0.6374
201,LOT_A001,W001,D0001,0.84,1,85,60.784,0.7283,3.403,1.828,ATPG_001,SCAN_AT_SPEED,NA,0.4107
202,LOT_A001,W001,D0001,0.84,1.02,85,61.591,0.7472,3.657,1.782,ATPG_002,SCAN_AT_SPEED,NA,0.3726
203,LOT_A001,W001,D0001,0.84,1.04,85,61.196,0.7818,3.397,1.877,ATPG_003,SCAN_AT_SPEED,NA,0.3692
204,LOT_A001,W001,D0001,0.84,1.06,85,60.527,0.7443,3.452,1.828,ATPG_004,SCAN_AT_SPEED,NA,0.3291
205,LOT_A001,W001,D0001,0.84,1.08,85,61.527,0.7612,3.821,1.884,ATPG_005,SCAN_AT_SPEED,NA,0.3149
206,LOT_A001,W001,D0001,0.84,1.1,85,63.488,0.7724,3.592,1.777,ATPG_006,SCAN_AT_SPEED,NA,0.2934
207,LOT_A001,W001,D0001,0.84,1.12,85,61.277,0.786,3.597,1.802,ATPG_007,SCAN_AT_SPEED,NA,0.2609
208,LOT_A001,W001,D0001,0.84,1.14,85,62.934,0.761,3.534,1.867,ATPG_008,SCAN_AT_SPEED,NA,0.2739
209,LOT_A001,W001,D0001,0.84,1.16,85,65.174,0.8154,3.494,1.822,ATPG_009,SCAN_AT_SPEED,NA,0.2558
210,LOT_A001,W001,D0001,0.84,1.18,85,68.034,0.7762,3.721,1.888,ATPG_010,SCAN_AT_SPEED,NA,0.2214
211,LOT_A001,W001,D0001,0.84,1.2,85,68.432,0.8221,3.539,1.814,ATPG_011,SCAN_AT_SPEED,NA,0.1743
212,LOT_A001,W001,D0001,0.84,1.22,85,68.534,0.8429,3.582,1.825,ATPG_012,SCAN_AT_SPEED,NA,0.1534
213,LOT_A001,W001,D0001,0.84,1.24,85,64.313,0.8511,3.239,1.829,ATPG_013,SCAN_AT_SPEED,NA,0.1594
214,LOT_A001,W001,D0001,0.84,1.26,85,67.97,0.8599,3.43,1.861,ATPG_014,SCAN_AT_SPEED,NA,0.1054
215,LOT_A001,W001,D0001,0.84,1.28,85,72.019,0.849,3.308,1.89,ATPG_015,SCAN_AT_SPEED,NA,0.1047
216,LOT_A001,W001,D0001,0.84,1.3,85,69.218,0.8485,3.725,1.888,ATPG_016,SCAN_AT_SPEED,NA,0.0766
217,LOT_A001,W001,D0001,0.84,1.32,85,72.251,0.859,3.812,1.873,ATPG_017,SCAN_AT_SPEED,NA,0.0592
218,LOT_A001,W001,D0001,0.84,1.34,85,75.595,0.8777,3.461,1.853,ATPG_018,SCAN_AT_SPEED,NA,0.0533
219,LOT_A001,W001,D0001,0.84,1.36,85,74.533,0.8951,3.508,1.894,ATPG_019,SCAN_AT_SPEED,NA,0.0242
220,LOT_A001,W001,D0001,0.84,1.38,85,75.602,0.8546,3.637,1.882,ATPG_020,SCAN_AT_SPEED,NA,0.0041
221,LOT_A001,W001,D0001,0.84,1.4,85,71.107,0.9368,3.479,1.916,ATPG_021,SCAN_AT_SPEED,NA,0.0035
222,LOT_A001,W001,D0001,0.84,1.42,85,78.283,0.8888,3.406,1.952,ATPG_022,SCAN_AT_SPEED,FREQ_MARGIN,-0.0532
223,LOT_A001,W001,D0001,0.84,1.44,85,78.431,0.9321,3.574,1.885,ATPG_023,SCAN_AT_SPEED,FREQ_MARGIN,-0.0579
224,LOT_A001,W001,D0001,0.84,1.46,85,83.226,0.924,3.53,1.925,ATPG_024,SCAN_AT_SPEED,FREQ_MARGIN,-0.0679
225,LOT_A001,W001,D0001,0.84,1.48,85,81.897,0.9451,3.329,1.952,ATPG_025,SCAN_AT_SPEED,FREQ_MARGIN,-0.0746
226,LOT_A001,W001,D0001,0.84,1.5,85,81.165,0.9286,3.49,1.903,ATPG_026,SCAN_AT_SPEED,FREQ_MARGIN,-0.1351
227,LOT_A001,W001,D0001,0.84,1.52,85,82.239,0.9798,3.568,1.884,ATPG_027,SCAN_AT_SPEED,FREQ_MARGIN,-0.1287
228,LOT_A001,W001,D0001,0.84,1.54,85,84.481,0.9373,3.59,1.925,ATPG_028,SCAN_AT_SPEED,FREQ_MARGIN,-0.1371
229,LOT_A001,W001,D0001,0.84,1.56,85,85.676,0.9653,3.519,1.894,ATPG_029,SCAN_AT_SPEED,FREQ_MARGIN,-0.1798
230,LOT_A001,W001,D0001,0.84,1.58,85,82.087,0.9507,3.739,1.871,ATPG_030,SCAN_AT_SPEED,FREQ_MARGIN,-0.1942
231,LOT_A001,W001,D0001,0.84,1.6,85,81.044,0.9737,3.302,1.974,ATPG_031,SCAN_AT_SPEED,FREQ_MARGIN,-0.2323
232,LOT_A001,W001,D0001,0.84,1.62,85,84.541,1.0343,3.647,1.899,ATPG_032,SCAN_AT_SPEED,FREQ_MARGIN,-0.2163
233,LOT_A001,W001,D0001,0.84,1.64,85,90.764,0.9774,3.253,1.956,ATPG_033,SCAN_AT_SPEED,FREQ_MARGIN,-0.2995
234,LOT_A001,W001,D0001,0.84,1.66,85,89.992,1.0212,3.589,1.953,ATPG_034,SCAN_AT_SPEED,FREQ_MARGIN,-0.2306
235,LOT_A001,W001,D0001,0.84,1.68,85,88.866,1.0215,3.491,1.892,ATPG_035,SCAN_AT_SPEED,FREQ_MARGIN,-0.2808
236,LOT_A001,W001,D0001,0.84,1.7,85,86.173,1.0264,3.352,1.882,ATPG_036,SCAN_AT_SPEED,FREQ_MARGIN,-0.3195
237,LOT_A001,W001,D0001,0.84,1.72,85,92.586,1.0533,3.264,1.89,ATPG_037,SCAN_AT_SPEED,FREQ_MARGIN,-0.3312
238,LOT_A001,W001,D0001,0.84,1.74,85,89.172,1.0414,3.583,1.894,ATPG_038,SCAN_AT_SPEED,FREQ_MARGIN,-0.3375
239,LOT_A001,W001,D0001,0.84,1.76,85,89.399,1.0432,3.548,1.873,ATPG_039,SCAN_AT_SPEED,FREQ_MARGIN,-0.3726
240,LOT_A001,W001,D0001,0.84,1.78,85,92.625,1.0725,3.534,1.995,ATPG_040,SCAN_AT_SPEED,FREQ_MARGIN,-0.3866
241,LOT_A001,W001,D0001,0.84,1.8,85,92.747,1.0734,3.581,1.946,ATPG_041,SCAN_AT_SPEED,FREQ_MARGIN,-0.4122
242,LOT_A001,W001,D0001,0.84,1.82,85,93.116,1.0679,3.29,2.018,ATPG_042,SCAN_AT_SPEED,FREQ_MARGIN,-0.4337
243,LOT_A001,W001,D0001,0.84,1.84,85,93.993,1.0755,3.634,1.939,ATPG_043,SCAN_AT_SPEED,FREQ_MARGIN,-0.4769
244,LOT_A001,W001,D0001,0.84,1.86,85,94.888,1.102,3.375,2.041,ATPG_044,SCAN_AT_SPEED,TIMING,-0.452
245,LOT_A001,W001,D0001,0.84,1.88,85,97.518,1.117,3.562,1.951,ATPG_045,SCAN_AT_SPEED,TIMING,-0.5159
246,LOT_A001,W001,D0001,0.84,1.9,85,97.899,1.1116,3.645,2.05,ATPG_046,SCAN_AT_SPEED,TIMING,-0.5168
247,LOT_A001,W001,D0001,0.84,1.92,85,96.214,1.1212,3.887,1.933,ATPG_047,SCAN_AT_SPEED,TIMING,-0.5445
248,LOT_A001,W001,D0001,0.84,1.94,85,102.56,1.1214,3.585,2.034,ATPG_048,SCAN_AT_SPEED,TIMING,-0.525
249,LOT_A001,W001,D0001,0.84,1.96,85,100.034,1.1295,3.348,1.947,ATPG_049,SCAN_AT_SPEED,TIMING,-0.5813
250,LOT_A001,W001,D0001,0.84,1.98,85,101.321,1.1347,3.535,1.914,ATPG_050,SCAN_AT_SPEED,TIMING,-0.6165
251,LOT_A001,W001,D0001,0.85,1,85,60.9,0.6901,3.611,1.849,ATPG_051,SCAN_AT_SPEED,NA,0.429
252,LOT_A001,W001,D0001,0.85,1.02,85,63.271,0.7421,3.449,1.801,ATPG_052,SCAN_AT_SPEED,NA,0.3812
253,LOT_A001,W001,D0001,0.85,1.04,85,61.257,0.7529,3.417,1.814,ATPG_053,SCAN_AT_SPEED,NA,0.393
254,LOT_A001,W001,D0001,0.85,1.06,85,61.78,0.7355,3.445,1.86,ATPG_054,SCAN_AT_SPEED,NA,0.3376
255,LOT_A001,W001,D0001,0.85,1.08,85,63.936,0.7407,3.508,1.863,ATPG_055,SCAN_AT_SPEED,NA,0.3626
256,LOT_A001,W001,D0001,0.85,1.1,85,67.875,0.7761,3.584,1.806,ATPG_056,SCAN_AT_SPEED,NA,0.3256
257,LOT_A001,W001,D0001,0.85,1.12,85,64.286,0.7903,3.699,1.79,ATPG_057,SCAN_AT_SPEED,NA,0.3054
258,LOT_A001,W001,D0001,0.85,1.14,85,62.115,0.7953,3.389,1.739,ATPG_058,SCAN_AT_SPEED,NA,0.259
259,LOT_A001,W001,D0001,0.85,1.16,85,70.767,0.7947,3.681,1.832,ATPG_059,SCAN_AT_SPEED,NA,0.27
260,LOT_A001,W001,D0001,0.85,1.18,85,68.794,0.7982,3.595,1.845,ATPG_060,SCAN_AT_SPEED,NA,0.2412
261,LOT_A001,W001,D0001,0.85,1.2,85,69.786,0.8089,3.442,1.857,ATPG_061,SCAN_AT_SPEED,NA,0.211
262,LOT_A001,W001,D0001,0.85,1.22,85,68.911,0.8204,3.718,1.859,ATPG_062,SCAN_AT_SPEED,NA,0.1868
263,LOT_A001,W001,D0001,0.85,1.24,85,71.192,0.8542,3.639,1.844,ATPG_063,SCAN_AT_SPEED,NA,0.1825
264,LOT_A001,W001,D0001,0.85,1.26,85,68.663,0.8323,3.464,1.839,ATPG_064,SCAN_AT_SPEED,NA,0.1394
265,LOT_A001,W001,D0001,0.85,1.28,85,72.393,0.8451,3.628,1.853,ATPG_065,SCAN_AT_SPEED,NA,0.144
266,LOT_A001,W001,D0001,0.85,1.3,85,70.609,0.8524,3.374,1.878,ATPG_066,SCAN_AT_SPEED,NA,0.0874
267,LOT_A001,W001,D0001,0.85,1.32,85,75.354,0.8598,3.779,1.864,ATPG_067,SCAN_AT_SPEED,NA,0.1306
268,LOT_A001,W001,D0001,0.85,1.34,85,72.916,0.8668,3.497,1.868,ATPG_068,SCAN_AT_SPEED,NA,0.0769
269,LOT_A001,W001,D0001,0.85,1.36,85,74.885,0.8887,3.734,1.903,ATPG_069,SCAN_AT_SPEED,NA,0.0659
270,LOT_A001,W001,D0001,0.85,1.38,85,71.143,0.9062,3.35,1.859,ATPG_070,SCAN_AT_SPEED,NA,0.0163
271,LOT_A001,W001,D0001,0.85,1.4,85,73.356,0.9077,3.669,1.849,ATPG_071,SCAN_AT_SPEED,NA,0.0019
272,LOT_A001,W001,D0001,0.85,1.42,85,76.477,0.9137,3.333,1.883,ATPG_072,SCAN_AT_SPEED,FREQ_MARGIN,-0.0436
273,LOT_A001,W001,D0001,0.85,1.44,85,79.363,0.9174,3.409,1.927,ATPG_073,SCAN_AT_SPEED,FREQ_MARGIN,-0.0173
274,LOT_A001,W001,D0001,0.85,1.46,85,79.131,0.907,3.489,1.847,ATPG_074,SCAN_AT_SPEED,FREQ_MARGIN,-0.0399
275,LOT_A001,W001,D0001,0.85,1.48,85,83.121,0.9077,3.313,1.945,ATPG_075,SCAN_AT_SPEED,FREQ_MARGIN,-0.0601
276,LOT_A001,W001,D0001,0.85,1.5,85,79.696,0.9597,3.464,1.963,ATPG_076,SCAN_AT_SPEED,FREQ_MARGIN,-0.0808
277,LOT_A001,W001,D0001,0.85,1.52,85,80.882,0.9884,3.464,1.923,ATPG_077,SCAN_AT_SPEED,FREQ_MARGIN,-0.0848
278,LOT_A001,W001,D0001,0.85,1.54,85,84.963,0.9863,3.56,1.867,ATPG_078,SCAN_AT_SPEED,FREQ_MARGIN,-0.1116
279,LOT_A001,W001,D0001,0.85,1.56,85,82.26,1.003,3.575,1.886,ATPG_079,SCAN_AT_SPEED,FREQ_MARGIN,-0.1287
280,LOT_A001,W001,D0001,0.85,1.58,85,81.915,0.9579,3.735,1.878,ATPG_080,SCAN_AT_SPEED,FREQ_MARGIN,-0.1537
281,LOT_A001,W001,D0001,0.85,1.6,85,86.166,1.0053,3.663,1.948,ATPG_081,SCAN_AT_SPEED,FREQ_MARGIN,-0.1958
282,LOT_A001,W001,D0001,0.85,1.62,85,83.501,1.0196,3.507,1.902,ATPG_082,SCAN_AT_SPEED,FREQ_MARGIN,-0.2106
283,LOT_A001,W001,D0001,0.85,1.64,85,87.921,1.0094,3.88,1.889,ATPG_083,SCAN_AT_SPEED,FREQ_MARGIN,-0.1931
284,LOT_A001,W001,D0001,0.85,1.66,85,87.883,1.0146,3.784,1.939,ATPG_084,SCAN_AT_SPEED,FREQ_MARGIN,-0.2203
285,LOT_A001,W001,D0001,0.85,1.68,85,90.571,1.0118,3.429,1.881,ATPG_085,SCAN_AT_SPEED,FREQ_MARGIN,-0.2473
286,LOT_A001,W001,D0001,0.85,1.7,85,93.201,1.0071,3.522,1.915,ATPG_086,SCAN_AT_SPEED,FREQ_MARGIN,-0.3124
287,LOT_A001,W001,D0001,0.85,1.72,85,91.828,1.0511,3.468,1.923,ATPG_087,SCAN_AT_SPEED,FREQ_MARGIN,-0.2915
288,LOT_A001,W001,D0001,0.85,1.74,85,90.772,1.0731,3.629,1.963,ATPG_088,SCAN_AT_SPEED,FREQ_MARGIN,-0.3119
289,LOT_A001,W001,D0001,0.85,1.76,85,94.192,1.0561,3.36,1.953,ATPG_089,SCAN_AT_SPEED,FREQ_MARGIN,-0.3251
290,LOT_A001,W001,D0001,0.85,1.78,85,91.988,1.072,3.741,1.941,ATPG_090,SCAN_AT_SPEED,FREQ_MARGIN,-0.3687
291,LOT_A001,W001,D0001,0.85,1.8,85,96.864,1.0743,3.945,1.967,ATPG_091,SCAN_AT_SPEED,FREQ_MARGIN,-0.3714
292,LOT_A001,W001,D0001,0.85,1.82,85,96.016,1.0855,3.748,1.975,ATPG_092,SCAN_AT_SPEED,FREQ_MARGIN,-0.4287
293,LOT_A001,W001,D0001,0.85,1.84,85,93.316,1.0834,3.427,1.928,ATPG_093,SCAN_AT_SPEED,FREQ_MARGIN,-0.4195
294,LOT_A001,W001,D0001,0.85,1.86,85,99.386,1.1029,3.376,1.973,ATPG_094,SCAN_AT_SPEED,TIMING,-0.4264
295,LOT_A001,W001,D0001,0.85,1.88,85,96.142,1.102,3.557,1.927,ATPG_095,SCAN_AT_SPEED,TIMING,-0.4355
296,LOT_A001,W001,D0001,0.85,1.9,85,97.882,1.1206,3.422,1.945,ATPG_096,SCAN_AT_SPEED,TIMING,-0.4653
297,LOT_A001,W001,D0001,0.85,1.92,85,98.289,1.1527,3.495,1.975,ATPG_097,SCAN_AT_SPEED,TIMING,-0.484
298,LOT_A001,W001,D0001,0.85,1.94,85,97.267,1.0985,3.326,2.02,ATPG_098,SCAN_AT_SPEED,FREQ_MARGIN,-0.5002
299,LOT_A001,W001,D0001,0.85,1.96,85,105.285,1.1286,3.583,2.034,ATPG_099,SCAN_AT_SPEED,TIMING,-0.5469
300,LOT_A001,W001,D0001,0.85,1.98,85,105.251,1.1692,3.709,2,ATPG_100,SCAN_AT_SPEED,TIMING,-0.5209
301,LOT_A001,W001,D0001,0.86,1,85,58.688,0.7101,3.609,1.793,ATPG_001,SCAN_AT_SPEED,NA,0.4741
302,LOT_A001,W001,D0001,0.86,1.02,85,61.793,0.7506,3.623,1.863,ATPG_002,SCAN_AT_SPEED,NA,0.432
303,LOT_A001,W001,D0001,0.86,1.04,85,61.051,0.7291,3.33,1.804,ATPG_003,SCAN_AT_SPEED,NA,0.3996
304,LOT_A001,W001,D0001,0.86,1.06,85,64.984,0.762,3.456,1.885,ATPG_004,SCAN_AT_SPEED,NA,0.3979
305,LOT_A001,W001,D0001,0.86,1.08,85,64.168,0.7551,3.466,1.8,ATPG_005,SCAN_AT_SPEED,NA,0.4021
306,LOT_A001,W001,D0001,0.86,1.1,85,67.372,0.7956,3.537,1.773,ATPG_006,SCAN_AT_SPEED,NA,0.3797
307,LOT_A001,W001,D0001,0.86,1.12,85,61.657,0.7822,3.588,1.803,ATPG_007,SCAN_AT_SPEED,NA,0.3427
308,LOT_A001,W001,D0001,0.86,1.14,85,66.624,0.7754,3.435,1.71,ATPG_008,SCAN_AT_SPEED,NA,0.2914
309,LOT_A001,W001,D0001,0.86,1.16,85,69.75,0.8235,3.541,1.805,ATPG_009,SCAN_AT_SPEED,NA,0.2996
310,LOT_A001,W001,D0001,0.86,1.18,85,65.623,0.8076,3.725,1.881,ATPG_010,SCAN_AT_SPEED,NA,0.2886
311,LOT_A001,W001,D0001,0.86,1.2,85,67.913,0.795,3.486,1.827,ATPG_011,SCAN_AT_SPEED,NA,0.2583
312,LOT_A001,W001,D0001,0.86,1.22,85,70.784,0.8049,3.834,1.829,ATPG_012,SCAN_AT_SPEED,NA,0.2467
313,LOT_A001,W001,D0001,0.86,1.24,85,68.655,0.7844,3.743,1.873,ATPG_013,SCAN_AT_SPEED,NA,0.2197
314,LOT_A001,W001,D0001,0.86,1.26,85,70.981,0.8459,3.376,1.826,ATPG_014,SCAN_AT_SPEED,NA,0.1951
315,LOT_A001,W001,D0001,0.86,1.28,85,69.462,0.8505,3.407,1.869,ATPG_015,SCAN_AT_SPEED,NA,0.1944
316,LOT_A001,W001,D0001,0.86,1.3,85,69.673,0.8748,3.5,1.822,ATPG_016,SCAN_AT_SPEED,NA,0.1595
317,LOT_A001,W001,D0001,0.86,1.32,85,75.508,0.8441,3.619,1.875,ATPG_017,SCAN_AT_SPEED,NA,0.1437
318,LOT_A001,W001,D0001,0.86,1.34,85,74.618,0.8644,3.486,1.865,ATPG_018,SCAN_AT_SPEED,NA,0.1326
319,LOT_A001,W001,D0001,0.86,1.36,85,69.902,0.8875,3.746,1.77,ATPG_019,SCAN_AT_SPEED,NA,0.0808
320,LOT_A001,W001,D0001,0.86,1.38,85,77.134,0.9252,3.613,1.839,ATPG_020,SCAN_AT_SPEED,NA,0.0619
321,LOT_A001,W001,D0001,0.86,1.4,85,79.355,0.8852,3.49,1.853,ATPG_021,SCAN_AT_SPEED,NA,0.0568
322,LOT_A001,W001,D0001,0.86,1.42,85,77.961,0.9346,3.658,1.866,ATPG_022,SCAN_AT_SPEED,NA,0.023
323,LOT_A001,W001,D0001,0.86,1.44,85,75.786,0.9299,3.598,1.872,ATPG_023,SCAN_AT_SPEED,NA,0.0149
324,LOT_A001,W001,D0001,0.86,1.46,85,79.998,0.9091,3.546,1.929,ATPG_024,SCAN_AT_SPEED,NA,0.0576
325,LOT_A001,W001,D0001,0.86,1.48,85,77.731,0.9477,3.51,1.961,ATPG_025,SCAN_AT_SPEED,FREQ_MARGIN,-0.0178
326,LOT_A001,W001,D0001,0.86,1.5,85,80.375,0.9629,3.62,1.924,ATPG_026,SCAN_AT_SPEED,FREQ_MARGIN,-0.0204
327,LOT_A001,W001,D0001,0.86,1.52,85,80.517,0.9368,3.764,1.88,ATPG_027,SCAN_AT_SPEED,FREQ_MARGIN,-0.0512
328,LOT_A001,W001,D0001,0.86,1.54,85,81.181,0.9646,3.919,1.854,ATPG_028,SCAN_AT_SPEED,FREQ_MARGIN,-0.0871
329,LOT_A001,W001,D0001,0.86,1.56,85,86.302,0.9642,3.678,1.858,ATPG_029,SCAN_AT_SPEED,FREQ_MARGIN,-0.0994
330,LOT_A001,W001,D0001,0.86,1.58,85,84.283,0.9919,3.788,2.008,ATPG_030,SCAN_AT_SPEED,FREQ_MARGIN,-0.1122
331,LOT_A001,W001,D0001,0.86,1.6,85,86.066,0.9863,3.557,1.922,ATPG_031,SCAN_AT_SPEED,FREQ_MARGIN,-0.1294
332,LOT_A001,W001,D0001,0.86,1.62,85,86.643,1.0151,3.459,1.957,ATPG_032,SCAN_AT_SPEED,FREQ_MARGIN,-0.1652
333,LOT_A001,W001,D0001,0.86,1.64,85,86.987,0.9618,3.519,1.967,ATPG_033,SCAN_AT_SPEED,FREQ_MARGIN,-0.1562
334,LOT_A001,W001,D0001,0.86,1.66,85,86.261,0.9995,3.736,1.941,ATPG_034,SCAN_AT_SPEED,FREQ_MARGIN,-0.2003
335,LOT_A001,W001,D0001,0.86,1.68,85,88.26,1.0101,3.472,1.987,ATPG_035,SCAN_AT_SPEED,FREQ_MARGIN,-0.2242
336,LOT_A001,W001,D0001,0.86,1.7,85,91.971,1.0532,3.76,1.909,ATPG_036,SCAN_AT_SPEED,FREQ_MARGIN,-0.2457
337,LOT_A001,W001,D0001,0.86,1.72,85,90.596,1.0181,3.659,1.882,ATPG_037,SCAN_AT_SPEED,FREQ_MARGIN,-0.2526
338,LOT_A001,W001,D0001,0.86,1.74,85,90.664,1.0466,3.652,1.923,ATPG_038,SCAN_AT_SPEED,FREQ_MARGIN,-0.2585
339,LOT_A001,W001,D0001,0.86,1.76,85,91.505,1.0673,3.408,1.942,ATPG_039,SCAN_AT_SPEED,FREQ_MARGIN,-0.2893
340,LOT_A001,W001,D0001,0.86,1.78,85,91.419,1.048,3.687,1.948,ATPG_040,SCAN_AT_SPEED,FREQ_MARGIN,-0.285
341,LOT_A001,W001,D0001,0.86,1.8,85,94.961,1.0802,3.776,1.96,ATPG_041,SCAN_AT_SPEED,FREQ_MARGIN,-0.3336
342,LOT_A001,W001,D0001,0.86,1.82,85,96.151,1.1116,3.59,1.909,ATPG_042,SCAN_AT_SPEED,TIMING,-0.3642
343,LOT_A001,W001,D0001,0.86,1.84,85,95.583,1.0469,3.737,1.93,ATPG_043,SCAN_AT_SPEED,FREQ_MARGIN,-0.36
344,LOT_A001,W001,D0001,0.86,1.86,85,97.258,1.098,3.716,1.937,ATPG_044,SCAN_AT_SPEED,FREQ_MARGIN,-0.4015
345,LOT_A001,W001,D0001,0.86,1.88,85,97.053,1.1165,3.702,1.921,ATPG_045,SCAN_AT_SPEED,TIMING,-0.4106
346,LOT_A001,W001,D0001,0.86,1.9,85,97.415,1.1263,3.665,2.036,ATPG_046,SCAN_AT_SPEED,TIMING,-0.4203
347,LOT_A001,W001,D0001,0.86,1.92,85,98.611,1.1201,3.565,1.998,ATPG_047,SCAN_AT_SPEED,TIMING,-0.4639
348,LOT_A001,W001,D0001,0.86,1.94,85,98.203,1.1098,3.753,2.038,ATPG_048,SCAN_AT_SPEED,TIMING,-0.509
349,LOT_A001,W001,D0001,0.86,1.96,85,100.656,1.1389,3.784,1.936,ATPG_049,SCAN_AT_SPEED,TIMING,-0.5018
350,LOT_A001,W001,D0001,0.86,1.98,85,103.575,1.1552,3.638,2.016,ATPG_050,SCAN_AT_SPEED,TIMING,-0.5156
351,LOT_A001,W001,D0001,0.87,1,85,61.18,0.7118,3.39,1.82,ATPG_051,SCAN_AT_SPEED,NA,0.4482
352,LOT_A001,W001,D0001,0.87,1.02,85,60.573,0.7494,3.907,1.856,ATPG_052,SCAN_AT_SPEED,NA,0.5016
353,LOT_A001,W001,D0001,0.87,1.04,85,63.016,0.7422,3.425,1.797,ATPG_053,SCAN_AT_SPEED,NA,0.4864
354,LOT_A001,W001,D0001,0.87,1.06,85,66.448,0.7462,3.683,1.833,ATPG_054,SCAN_AT_SPEED,NA,0.4217
355,LOT_A001,W001,D0001,0.87,1.08,85,66.451,0.7468,3.694,1.785,ATPG_055,SCAN_AT_SPEED,NA,0.4177
356,LOT_A001,W001,D0001,0.87,1.1,85,63.159,0.7659,3.601,1.79,ATPG_056,SCAN_AT_SPEED,NA,0.3731
357,LOT_A001,W001,D0001,0.87,1.12,85,64.97,0.7481,3.779,1.825,ATPG_057,SCAN_AT_SPEED,NA,0.3516
358,LOT_A001,W001,D0001,0.87,1.14,85,65.423,0.7703,3.713,1.879,ATPG_058,SCAN_AT_SPEED,NA,0.3306
359,LOT_A001,W001,D0001,0.87,1.16,85,67.047,0.7895,3.766,1.837,ATPG_059,SCAN_AT_SPEED,NA,0.3031
360,LOT_A001,W001,D0001,0.87,1.18,85,67.126,0.7867,3.826,1.833,ATPG_060,SCAN_AT_SPEED,NA,0.3033
361,LOT_A001,W001,D0001,0.87,1.2,85,68.451,0.7968,3.438,1.764,ATPG_061,SCAN_AT_SPEED,NA,0.3311
362,LOT_A001,W001,D0001,0.87,1.22,85,69.901,0.8274,3.428,1.875,ATPG_062,SCAN_AT_SPEED,NA,0.2484
363,LOT_A001,W001,D0001,0.87,1.24,85,70.544,0.8558,3.8,1.832,ATPG_063,SCAN_AT_SPEED,NA,0.2482
364,LOT_A001,W001,D0001,0.87,1.26,85,67.267,0.8225,3.633,1.807,ATPG_064,SCAN_AT_SPEED,NA,0.2208
365,LOT_A001,W001,D0001,0.87,1.28,85,72.138,0.84,3.567,1.857,ATPG_065,SCAN_AT_SPEED,NA,0.2145
366,LOT_A001,W001,D0001,0.87,1.3,85,70.897,0.878,3.65,1.855,ATPG_066,SCAN_AT_SPEED,NA,0.2048
367,LOT_A001,W001,D0001,0.87,1.32,85,74.14,0.8784,3.708,1.833,ATPG_067,SCAN_AT_SPEED,NA,0.1896
368,LOT_A001,W001,D0001,0.87,1.34,85,72.521,0.8718,3.66,1.853,ATPG_068,SCAN_AT_SPEED,NA,0.1634
369,LOT_A001,W001,D0001,0.87,1.36,85,72.053,0.8685,3.679,1.871,ATPG_069,SCAN_AT_SPEED,NA,0.1346
370,LOT_A001,W001,D0001,0.87,1.38,85,78.578,0.8714,3.81,1.885,ATPG_070,SCAN_AT_SPEED,NA,0.0984
371,LOT_A001,W001,D0001,0.87,1.4,85,80.356,0.8741,3.803,1.912,ATPG_071,SCAN_AT_SPEED,NA,0.0852
372,LOT_A001,W001,D0001,0.87,1.42,85,80.526,0.8997,3.708,1.886,ATPG_072,SCAN_AT_SPEED,NA,0.0648
373,LOT_A001,W001,D0001,0.87,1.44,85,80.339,0.9271,3.403,1.931,ATPG_073,SCAN_AT_SPEED,NA,0.0545
374,LOT_A001,W001,D0001,0.87,1.46,85,81.599,0.9417,3.501,1.866,ATPG_074,SCAN_AT_SPEED,NA,0.007
375,LOT_A001,W001,D0001,0.87,1.48,85,80.213,0.9245,3.782,1.939,ATPG_075,SCAN_AT_SPEED,FREQ_MARGIN,-0.003
376,LOT_A001,W001,D0001,0.87,1.5,85,80.448,0.9348,3.412,1.858,ATPG_076,SCAN_AT_SPEED,NA,0.022
377,LOT_A001,W001,D0001,0.87,1.52,85,85.228,0.925,3.576,1.893,ATPG_077,SCAN_AT_SPEED,FREQ_MARGIN,-0.0058
378,LOT_A001,W001,D0001,0.87,1.54,85,81.723,0.9634,3.594,1.897,ATPG_078,SCAN_AT_SPEED,FREQ_MARGIN,-0.0381
379,LOT_A001,W001,D0001,0.87,1.56,85,84.052,0.9565,3.649,1.897,ATPG_079,SCAN_AT_SPEED,FREQ_MARGIN,-0.0533
380,LOT_A001,W001,D0001,0.87,1.58,85,84.434,1.0018,3.749,1.893,ATPG_080,SCAN_AT_SPEED,FREQ_MARGIN,-0.0898
381,LOT_A001,W001,D0001,0.87,1.6,85,85.159,1.0027,3.72,1.904,ATPG_081,SCAN_AT_SPEED,FREQ_MARGIN,-0.0906
382,LOT_A001,W001,D0001,0.87,1.62,85,83.792,0.9699,3.486,1.917,ATPG_082,SCAN_AT_SPEED,FREQ_MARGIN,-0.1151
383,LOT_A001,W001,D0001,0.87,1.64,85,91.496,1.0103,3.74,1.843,ATPG_083,SCAN_AT_SPEED,FREQ_MARGIN,-0.1119
384,LOT_A001,W001,D0001,0.87,1.66,85,86.922,0.9962,3.64,1.9,ATPG_084,SCAN_AT_SPEED,FREQ_MARGIN,-0.1729
385,LOT_A001,W001,D0001,0.87,1.68,85,90.546,0.9967,3.701,2.005,ATPG_085,SCAN_AT_SPEED,FREQ_MARGIN,-0.2187
386,LOT_A001,W001,D0001,0.87,1.7,85,85.505,1.0195,3.83,2.004,ATPG_086,SCAN_AT_SPEED,FREQ_MARGIN,-0.2197
387,LOT_A001,W001,D0001,0.87,1.72,85,91.814,1.0248,3.649,2.035,ATPG_087,SCAN_AT_SPEED,FREQ_MARGIN,-0.2453
388,LOT_A001,W001,D0001,0.87,1.74,85,92.237,1.0502,3.828,1.937,ATPG_088,SCAN_AT_SPEED,FREQ_MARGIN,-0.2702
389,LOT_A001,W001,D0001,0.87,1.76,85,91.935,1.0552,3.614,1.962,ATPG_089,SCAN_AT_SPEED,FREQ_MARGIN,-0.2576
390,LOT_A001,W001,D0001,0.87,1.78,85,94.179,1.0585,3.834,1.938,ATPG_090,SCAN_AT_SPEED,FREQ_MARGIN,-0.2898
391,LOT_A001,W001,D0001,0.87,1.8,85,96.631,1.0513,3.567,1.92,ATPG_091,SCAN_AT_SPEED,FREQ_MARGIN,-0.335
392,LOT_A001,W001,D0001,0.87,1.82,85,91.376,1.1327,3.823,1.957,ATPG_092,SCAN_AT_SPEED,TIMING,-0.2984
393,LOT_A001,W001,D0001,0.87,1.84,85,96.594,1.0942,3.762,1.973,ATPG_093,SCAN_AT_SPEED,FREQ_MARGIN,-0.3441
394,LOT_A001,W001,D0001,0.87,1.86,85,96.585,1.0907,3.636,2,ATPG_094,SCAN_AT_SPEED,FREQ_MARGIN,-0.3615
395,LOT_A001,W001,D0001,0.87,1.88,85,92.507,1.1138,3.694,1.958,ATPG_095,SCAN_AT_SPEED,TIMING,-0.3724
396,LOT_A001,W001,D0001,0.87,1.9,85,100.683,1.1277,3.549,1.978,ATPG_096,SCAN_AT_SPEED,TIMING,-0.4101
397,LOT_A001,W001,D0001,0.87,1.92,85,97.037,1.1079,3.794,2.004,ATPG_097,SCAN_AT_SPEED,TIMING,-0.4406
398,LOT_A001,W001,D0001,0.87,1.94,85,101.685,1.1371,3.569,1.986,ATPG_098,SCAN_AT_SPEED,TIMING,-0.4339
399,LOT_A001,W001,D0001,0.87,1.96,85,102.598,1.1578,3.771,1.987,ATPG_099,SCAN_AT_SPEED,TIMING,-0.4487
400,LOT_A001,W001,D0001,0.87,1.98,85,102.052,1.1291,3.641,1.947,ATPG_100,SCAN_AT_SPEED,TIMING,-0.4639
401,LOT_A001,W001,D0001,0.88,1,85,59.98,0.7081,3.674,1.724,ATPG_001,SCAN_AT_SPEED,NA,0.5211
402,LOT_A001,W001,D0001,0.88,1.02,85,61.102,0.7163,3.819,1.841,ATPG_002,SCAN_AT_SPEED,NA,0.5171
403,LOT_A001,W001,D0001,0.88,1.04,85,60.587,0.7258,3.579,1.84,ATPG_003,SCAN_AT_SPEED,NA,0.4643
404,LOT_A001,W001,D0001,0.88,1.06,85,62.344,0.7121,3.815,1.761,ATPG_004,SCAN_AT_SPEED,NA,0.4698
405,LOT_A001,W001,D0001,0.88,1.08,85,64.179,0.7813,3.524,1.694,ATPG_005,SCAN_AT_SPEED,NA,0.4544
406,LOT_A001,W001,D0001,0.88,1.1,85,67.781,0.7877,3.751,1.798,ATPG_006,SCAN_AT_SPEED,NA,0.4366
407,LOT_A001,W001,D0001,0.88,1.12,85,63.648,0.7826,3.796,1.864,ATPG_007,SCAN_AT_SPEED,NA,0.4278
408,LOT_A001,W001,D0001,0.88,1.14,85,66.966,0.7734,3.716,1.754,ATPG_008,SCAN_AT_SPEED,NA,0.443
409,LOT_A001,W001,D0001,0.88,1.16,85,66.383,0.7818,3.743,1.796,ATPG_009,SCAN_AT_SPEED,NA,0.3608
410,LOT_A001,W001,D0001,0.88,1.18,85,67.98,0.7996,3.671,1.839,ATPG_010,SCAN_AT_SPEED,NA,0.3735
411,LOT_A001,W001,D0001,0.88,1.2,85,67.279,0.7966,3.674,1.782,ATPG_011,SCAN_AT_SPEED,NA,0.3481
412,LOT_A001,W001,D0001,0.88,1.22,85,68.843,0.8327,3.759,1.847,ATPG_012,SCAN_AT_SPEED,NA,0.2985
413,LOT_A001,W001,D0001,0.88,1.24,85,70.313,0.8326,3.705,1.854,ATPG_013,SCAN_AT_SPEED,NA,0.3086
414,LOT_A001,W001,D0001,0.88,1.26,85,67.03,0.8318,3.933,1.884,ATPG_014,SCAN_AT_SPEED,NA,0.2628
415,LOT_A001,W001,D0001,0.88,1.28,85,74.505,0.8444,3.75,1.826,ATPG_015,SCAN_AT_SPEED,NA,0.2707
416,LOT_A001,W001,D0001,0.88,1.3,85,74.248,0.8731,3.699,1.836,ATPG_016,SCAN_AT_SPEED,NA,0.2276
417,LOT_A001,W001,D0001,0.88,1.32,85,75.082,0.834,3.376,1.836,ATPG_017,SCAN_AT_SPEED,NA,0.2133
418,LOT_A001,W001,D0001,0.88,1.34,85,73.945,0.8659,3.652,1.919,ATPG_018,SCAN_AT_SPEED,NA,0.1713
419,LOT_A001,W001,D0001,0.88,1.36,85,76.261,0.8884,3.549,1.906,ATPG_019,SCAN_AT_SPEED,NA,0.1792
420,LOT_A001,W001,D0001,0.88,1.38,85,77.787,0.8665,3.487,1.901,ATPG_020,SCAN_AT_SPEED,NA,0.1519
421,LOT_A001,W001,D0001,0.88,1.4,85,75.816,0.8787,3.889,1.824,ATPG_021,SCAN_AT_SPEED,NA,0.1401
422,LOT_A001,W001,D0001,0.88,1.42,85,76.679,0.9145,3.671,1.9,ATPG_022,SCAN_AT_SPEED,NA,0.1428
423,LOT_A001,W001,D0001,0.88,1.44,85,78.867,0.9123,3.57,1.909,ATPG_023,SCAN_AT_SPEED,NA,0.0835
424,LOT_A001,W001,D0001,0.88,1.46,85,79.609,0.9023,3.336,1.875,ATPG_024,SCAN_AT_SPEED,NA,0.064
425,LOT_A001,W001,D0001,0.88,1.48,85,82.292,0.9285,3.681,1.887,ATPG_025,SCAN_AT_SPEED,NA,0.0967
426,LOT_A001,W001,D0001,0.88,1.5,85,79.615,0.9575,3.827,1.919,ATPG_026,SCAN_AT_SPEED,NA,0.0431
427,LOT_A001,W001,D0001,0.88,1.52,85,82.635,0.9581,3.809,1.879,ATPG_027,SCAN_AT_SPEED,NA,0.0212
428,LOT_A001,W001,D0001,0.88,1.54,85,83.643,0.9825,3.534,1.838,ATPG_028,SCAN_AT_SPEED,FREQ_MARGIN,-0.017
429,LOT_A001,W001,D0001,0.88,1.56,85,84.412,0.9663,3.757,1.892,ATPG_029,SCAN_AT_SPEED,FREQ_MARGIN,-0.0238
430,LOT_A001,W001,D0001,0.88,1.58,85,82.298,0.9569,3.705,1.839,ATPG_030,SCAN_AT_SPEED,FREQ_MARGIN,-0.0199
431,LOT_A001,W001,D0001,0.88,1.6,85,89.031,0.9808,3.755,1.858,ATPG_031,SCAN_AT_SPEED,FREQ_MARGIN,-0.0699
432,LOT_A001,W001,D0001,0.88,1.62,85,86.225,0.9833,3.912,1.934,ATPG_032,SCAN_AT_SPEED,FREQ_MARGIN,-0.0978
433,LOT_A001,W001,D0001,0.88,1.64,85,88.204,1.0066,3.891,1.978,ATPG_033,SCAN_AT_SPEED,FREQ_MARGIN,-0.1267
434,LOT_A001,W001,D0001,0.88,1.66,85,87.16,0.9836,3.685,1.937,ATPG_034,SCAN_AT_SPEED,FREQ_MARGIN,-0.145
435,LOT_A001,W001,D0001,0.88,1.68,85,89.343,1.009,3.743,1.889,ATPG_035,SCAN_AT_SPEED,FREQ_MARGIN,-0.1289
436,LOT_A001,W001,D0001,0.88,1.7,85,87.446,1.0267,4.024,1.926,ATPG_036,SCAN_AT_SPEED,FREQ_MARGIN,-0.1291
437,LOT_A001,W001,D0001,0.88,1.72,85,90.557,1.0288,3.926,1.841,ATPG_037,SCAN_AT_SPEED,FREQ_MARGIN,-0.1901
438,LOT_A001,W001,D0001,0.88,1.74,85,89.497,1.0358,3.656,1.957,ATPG_038,SCAN_AT_SPEED,FREQ_MARGIN,-0.1791
439,LOT_A001,W001,D0001,0.88,1.76,85,93.752,1.0856,3.516,1.944,ATPG_039,SCAN_AT_SPEED,FREQ_MARGIN,-0.2555
440,LOT_A001,W001,D0001,0.88,1.78,85,94.547,1.0581,3.624,1.96,ATPG_040,SCAN_AT_SPEED,FREQ_MARGIN,-0.2586
441,LOT_A001,W001,D0001,0.88,1.8,85,94.296,1.0794,3.526,1.906,ATPG_041,SCAN_AT_SPEED,FREQ_MARGIN,-0.2342
442,LOT_A001,W001,D0001,0.88,1.82,85,98.171,1.0814,3.673,1.948,ATPG_042,SCAN_AT_SPEED,FREQ_MARGIN,-0.2782
443,LOT_A001,W001,D0001,0.88,1.84,85,97.448,1.0995,3.652,1.932,ATPG_043,SCAN_AT_SPEED,FREQ_MARGIN,-0.3292
444,LOT_A001,W001,D0001,0.88,1.86,85,96.434,1.091,4.035,1.945,ATPG_044,SCAN_AT_SPEED,FREQ_MARGIN,-0.3219
445,LOT_A001,W001,D0001,0.88,1.88,85,96.914,1.1142,3.693,1.932,ATPG_045,SCAN_AT_SPEED,TIMING,-0.3532
446,LOT_A001,W001,D0001,0.88,1.9,85,101.495,1.0986,3.44,2.002,ATPG_046,SCAN_AT_SPEED,FREQ_MARGIN,-0.3429
447,LOT_A001,W001,D0001,0.88,1.92,85,101.223,1.0825,3.854,1.917,ATPG_047,SCAN_AT_SPEED,FREQ_MARGIN,-0.399
448,LOT_A001,W001,D0001,0.88,1.94,85,100.686,1.1094,3.659,1.997,ATPG_048,SCAN_AT_SPEED,TIMING,-0.3936
449,LOT_A001,W001,D0001,0.88,1.96,85,102.572,1.1708,3.485,2.037,ATPG_049,SCAN_AT_SPEED,TIMING,-0.4248
450,LOT_A001,W001,D0001,0.88,1.98,85,100.762,1.1199,3.692,2.013,ATPG_050,SCAN_AT_SPEED,TIMING,-0.4448
451,LOT_A001,W001,D0001,0.89,1,85,63.24,0.6951,3.773,1.75,ATPG_051,SCAN_AT_SPEED,NA,0.567
452,LOT_A001,W001,D0001,0.89,1.02,85,62.976,0.7222,3.384,1.812,ATPG_052,SCAN_AT_SPEED,NA,0.5559
453,LOT_A001,W001,D0001,0.89,1.04,85,62.968,0.7606,3.614,1.834,ATPG_053,SCAN_AT_SPEED,NA,0.5372
454,LOT_A001,W001,D0001,0.89,1.06,85,59.899,0.7528,3.699,1.808,ATPG_054,SCAN_AT_SPEED,NA,0.5308
455,LOT_A001,W001,D0001,0.89,1.08,85,63.083,0.7434,3.78,1.771,ATPG_055,SCAN_AT_SPEED,NA,0.4956
456,LOT_A001,W001,D0001,0.89,1.1,85,66.043,0.7435,3.875,1.837,ATPG_056,SCAN_AT_SPEED,NA,0.4498
457,LOT_A001,W001,D0001,0.89,1.12,85,64.46,0.7943,3.628,1.803,ATPG_057,SCAN_AT_SPEED,NA,0.4183
458,LOT_A001,W001,D0001,0.89,1.14,85,67.95,0.7769,3.685,1.882,ATPG_058,SCAN_AT_SPEED,NA,0.4376
459,LOT_A001,W001,D0001,0.89,1.16,85,69.162,0.7915,3.654,1.796,ATPG_059,SCAN_AT_SPEED,NA,0.4406
460,LOT_A001,W001,D0001,0.89,1.18,85,69.013,0.8238,3.873,1.772,ATPG_060,SCAN_AT_SPEED,NA,0.3987
461,LOT_A001,W001,D0001,0.89,1.2,85,67.323,0.8003,3.813,1.916,ATPG_061,SCAN_AT_SPEED,NA,0.3883
462,LOT_A001,W001,D0001,0.89,1.22,85,71.072,0.8125,3.855,1.875,ATPG_062,SCAN_AT_SPEED,NA,0.4053
463,LOT_A001,W001,D0001,0.89,1.24,85,74.071,0.8285,3.85,1.87,ATPG_063,SCAN_AT_SPEED,NA,0.3235
464,LOT_A001,W001,D0001,0.89,1.26,85,73.21,0.8219,3.691,1.803,ATPG_064,SCAN_AT_SPEED,NA,0.3169
465,LOT_A001,W001,D0001,0.89,1.28,85,73.962,0.8498,4.026,1.85,ATPG_065,SCAN_AT_SPEED,NA,0.2972
466,LOT_A001,W001,D0001,0.89,1.3,85,71.455,0.8432,3.879,1.888,ATPG_066,SCAN_AT_SPEED,NA,0.2814
467,LOT_A001,W001,D0001,0.89,1.32,85,74.151,0.8315,3.721,1.893,ATPG_067,SCAN_AT_SPEED,NA,0.244
468,LOT_A001,W001,D0001,0.89,1.34,85,76.041,0.8683,3.776,1.835,ATPG_068,SCAN_AT_SPEED,NA,0.2397
469,LOT_A001,W001,D0001,0.89,1.36,85,76.758,0.8849,3.696,1.779,ATPG_069,SCAN_AT_SPEED,NA,0.2219
470,LOT_A001,W001,D0001,0.89,1.38,85,75.998,0.8691,3.879,1.853,ATPG_070,SCAN_AT_SPEED,NA,0.2091
471,LOT_A001,W001,D0001,0.89,1.4,85,78.831,0.9055,3.57,1.92,ATPG_071,SCAN_AT_SPEED,NA,0.1884
472,LOT_A001,W001,D0001,0.89,1.42,85,77.915,0.9044,3.509,1.892,ATPG_072,SCAN_AT_SPEED,NA,0.154
473,LOT_A001,W001,D0001,0.89,1.44,85,77.005,0.883,3.942,1.854,ATPG_073,SCAN_AT_SPEED,NA,0.1108
474,LOT_A001,W001,D0001,0.89,1.46,85,79.336,0.8883,3.608,1.932,ATPG_074,SCAN_AT_SPEED,NA,0.1369
475,LOT_A001,W001,D0001,0.89,1.48,85,80.173,0.9305,3.85,1.931,ATPG_075,SCAN_AT_SPEED,NA,0.0865
476,LOT_A001,W001,D0001,0.89,1.5,85,81.372,0.9123,3.713,1.9,ATPG_076,SCAN_AT_SPEED,NA,0.0954
477,LOT_A001,W001,D0001,0.89,1.52,85,81.157,0.951,3.768,1.895,ATPG_077,SCAN_AT_SPEED,NA,0.032
478,LOT_A001,W001,D0001,0.89,1.54,85,83.325,0.9368,3.909,1.939,ATPG_078,SCAN_AT_SPEED,NA,0.0157
479,LOT_A001,W001,D0001,0.89,1.56,85,82.927,0.9351,3.677,1.897,ATPG_079,SCAN_AT_SPEED,FREQ_MARGIN,-0.0239
480,LOT_A001,W001,D0001,0.89,1.58,85,83.801,0.9525,3.806,1.907,ATPG_080,SCAN_AT_SPEED,FREQ_MARGIN,-0.0368
481,LOT_A001,W001,D0001,0.89,1.6,85,86.638,0.9694,3.734,1.975,ATPG_081,SCAN_AT_SPEED,FREQ_MARGIN,-0.0437
482,LOT_A001,W001,D0001,0.89,1.62,85,84.841,1.0027,3.897,1.866,ATPG_082,SCAN_AT_SPEED,FREQ_MARGIN,-0.0266
483,LOT_A001,W001,D0001,0.89,1.64,85,90.808,0.9762,3.637,1.956,ATPG_083,SCAN_AT_SPEED,FREQ_MARGIN,-0.0559
484,LOT_A001,W001,D0001,0.89,1.66,85,89.893,1.0111,3.834,1.866,ATPG_084,SCAN_AT_SPEED,FREQ_MARGIN,-0.0858
485,LOT_A001,W001,D0001,0.89,1.68,85,91.865,1.0095,3.768,1.861,ATPG_085,SCAN_AT_SPEED,FREQ_MARGIN,-0.0918
486,LOT_A001,W001,D0001,0.89,1.7,85,91.65,1.0211,3.944,1.913,ATPG_086,SCAN_AT_SPEED,FREQ_MARGIN,-0.1214
487,LOT_A001,W001,D0001,0.89,1.72,85,89.645,1.0304,3.749,1.939,ATPG_087,SCAN_AT_SPEED,FREQ_MARGIN,-0.1405
488,LOT_A001,W001,D0001,0.89,1.74,85,92.103,1.0543,3.709,1.869,ATPG_088,SCAN_AT_SPEED,FREQ_MARGIN,-0.1773
489,LOT_A001,W001,D0001,0.89,1.76,85,95.687,1.0247,3.878,1.917,ATPG_089,SCAN_AT_SPEED,FREQ_MARGIN,-0.1592
490,LOT_A001,W001,D0001,0.89,1.78,85,94.59,1.0524,3.657,1.913,ATPG_090,SCAN_AT_SPEED,FREQ_MARGIN,-0.2059
491,LOT_A001,W001,D0001,0.89,1.8,85,93.423,1.064,3.668,1.971,ATPG_091,SCAN_AT_SPEED,FREQ_MARGIN,-0.2472
492,LOT_A001,W001,D0001,0.89,1.82,85,94.736,1.0781,3.85,1.966,ATPG_092,SCAN_AT_SPEED,FREQ_MARGIN,-0.2239
493,LOT_A001,W001,D0001,0.89,1.84,85,97.977,1.0911,3.589,1.986,ATPG_093,SCAN_AT_SPEED,FREQ_MARGIN,-0.2693
494,LOT_A001,W001,D0001,0.89,1.86,85,96.126,1.0917,3.877,1.946,ATPG_094,SCAN_AT_SPEED,FREQ_MARGIN,-0.2747
495,LOT_A001,W001,D0001,0.89,1.88,85,102.615,1.0855,3.568,1.971,ATPG_095,SCAN_AT_SPEED,FREQ_MARGIN,-0.2914
496,LOT_A001,W001,D0001,0.89,1.9,85,98.804,1.1344,3.574,1.99,ATPG_096,SCAN_AT_SPEED,TIMING,-0.3177
497,LOT_A001,W001,D0001,0.89,1.92,85,103.175,1.1527,3.66,1.944,ATPG_097,SCAN_AT_SPEED,TIMING,-0.3616
498,LOT_A001,W001,D0001,0.89,1.94,85,100.243,1.1246,3.779,1.892,ATPG_098,SCAN_AT_SPEED,TIMING,-0.3552
499,LOT_A001,W001,D0001,0.89,1.96,85,100.558,1.1251,3.992,1.923,ATPG_099,SCAN_AT_SPEED,TIMING,-0.3909
500,LOT_A001,W001,D0001,0.89,1.98,85,102.158,1.1376,3.894,1.99,ATPG_100,SCAN_AT_SPEED,TIMING,-0.396
501,LOT_A001,W001,D0001,0.9,1,85,62.543,0.714,3.738,1.757,ATPG_001,SCAN_AT_SPEED,NA,0.6153
502,LOT_A001,W001,D0001,0.9,1.02,85,66.968,0.751,3.627,1.751,ATPG_002,SCAN_AT_SPEED,NA,0.5701
503,LOT_A001,W001,D0001,0.9,1.04,85,63.505,0.7471,3.792,1.802,ATPG_003,SCAN_AT_SPEED,NA,0.5737
504,LOT_A001,W001,D0001,0.9,1.06,85,63.535,0.7059,3.796,1.777,ATPG_004,SCAN_AT_SPEED,NA,0.5509
505,LOT_A001,W001,D0001,0.9,1.08,85,69.613,0.761,3.783,1.851,ATPG_005,SCAN_AT_SPEED,NA,0.5282
506,LOT_A001,W001,D0001,0.9,1.1,85,65.856,0.7739,4.138,1.773,ATPG_006,SCAN_AT_SPEED,NA,0.5137
507,LOT_A001,W001,D0001,0.9,1.12,85,64.293,0.7816,3.692,1.805,ATPG_007,SCAN_AT_SPEED,NA,0.4935
508,LOT_A001,W001,D0001,0.9,1.14,85,68.576,0.7967,3.643,1.827,ATPG_008,SCAN_AT_SPEED,NA,0.4597
509,LOT_A001,W001,D0001,0.9,1.16,85,65.415,0.7849,3.784,1.926,ATPG_009,SCAN_AT_SPEED,NA,0.4322
510,LOT_A001,W001,D0001,0.9,1.18,85,66.06,0.7872,3.983,1.916,ATPG_010,SCAN_AT_SPEED,NA,0.4328
511,LOT_A001,W001,D0001,0.9,1.2,85,66.016,0.8397,3.888,1.801,ATPG_011,SCAN_AT_SPEED,NA,0.3765
512,LOT_A001,W001,D0001,0.9,1.22,85,65.516,0.8147,3.879,1.877,ATPG_012,SCAN_AT_SPEED,NA,0.3946
513,LOT_A001,W001,D0001,0.9,1.24,85,71.274,0.8065,3.868,1.807,ATPG_013,SCAN_AT_SPEED,NA,0.3467
514,LOT_A001,W001,D0001,0.9,1.26,85,70.188,0.8435,3.959,1.837,ATPG_014,SCAN_AT_SPEED,NA,0.3377
515,LOT_A001,W001,D0001,0.9,1.28,85,70.233,0.835,3.822,1.955,ATPG_015,SCAN_AT_SPEED,NA,0.3257
516,LOT_A001,W001,D0001,0.9,1.3,85,76.336,0.8669,3.872,1.924,ATPG_016,SCAN_AT_SPEED,NA,0.285
517,LOT_A001,W001,D0001,0.9,1.32,85,75.26,0.8566,4.014,1.901,ATPG_017,SCAN_AT_SPEED,NA,0.2917
518,LOT_A001,W001,D0001,0.9,1.34,85,73.045,0.8625,3.71,1.859,ATPG_018,SCAN_AT_SPEED,NA,0.2537
519,LOT_A001,W001,D0001,0.9,1.36,85,75.457,0.874,3.839,1.899,ATPG_019,SCAN_AT_SPEED,NA,0.2673
520,LOT_A001,W001,D0001,0.9,1.38,85,76.048,0.8872,4.01,1.849,ATPG_020,SCAN_AT_SPEED,NA,0.1846
521,LOT_A001,W001,D0001,0.9,1.4,85,79.115,0.8806,3.652,1.847,ATPG_021,SCAN_AT_SPEED,NA,0.1712
522,LOT_A001,W001,D0001,0.9,1.42,85,77.771,0.8609,3.965,1.927,ATPG_022,SCAN_AT_SPEED,NA,0.1817
523,LOT_A001,W001,D0001,0.9,1.44,85,77.672,0.9056,3.829,1.903,ATPG_023,SCAN_AT_SPEED,NA,0.1767
524,LOT_A001,W001,D0001,0.9,1.46,85,79.258,0.9193,3.899,1.941,ATPG_024,SCAN_AT_SPEED,NA,0.157
525,LOT_A001,W001,D0001,0.9,1.48,85,82.86,0.9279,4.042,1.903,ATPG_025,SCAN_AT_SPEED,NA,0.1377
526,LOT_A001,W001,D0001,0.9,1.5,85,84.826,0.9476,3.764,1.871,ATPG_026,SCAN_AT_SPEED,NA,0.0895
527,LOT_A001,W001,D0001,0.9,1.52,85,83.994,0.9472,3.877,1.962,ATPG_027,SCAN_AT_SPEED,NA,0.0903
528,LOT_A001,W001,D0001,0.9,1.54,85,84.363,0.9691,3.675,1.913,ATPG_028,SCAN_AT_SPEED,NA,0.0843
529,LOT_A001,W001,D0001,0.9,1.56,85,84.488,0.9455,3.732,1.857,ATPG_029,SCAN_AT_SPEED,NA,0.0776
530,LOT_A001,W001,D0001,0.9,1.58,85,85.073,0.9441,3.832,1.94,ATPG_030,SCAN_AT_SPEED,NA,0.0109
531,LOT_A001,W001,D0001,0.9,1.6,85,89.335,0.9872,3.985,1.882,ATPG_031,SCAN_AT_SPEED,FREQ_MARGIN,-0.0113
532,LOT_A001,W001,D0001,0.9,1.62,85,85.495,1.0026,3.856,1.934,ATPG_032,SCAN_AT_SPEED,NA,0.0004
533,LOT_A001,W001,D0001,0.9,1.64,85,86.709,1.006,3.688,1.934,ATPG_033,SCAN_AT_SPEED,FREQ_MARGIN,-0.0562
534,LOT_A001,W001,D0001,0.9,1.66,85,90.707,0.9816,3.913,1.944,ATPG_034,SCAN_AT_SPEED,FREQ_MARGIN,-0.0796
535,LOT_A001,W001,D0001,0.9,1.68,85,91.088,1.0171,3.749,1.882,ATPG_035,SCAN_AT_SPEED,FREQ_MARGIN,-0.0875
536,LOT_A001,W001,D0001,0.9,1.7,85,91.529,0.9928,3.844,1.915,ATPG_036,SCAN_AT_SPEED,FREQ_MARGIN,-0.1303
537,LOT_A001,W001,D0001,0.9,1.72,85,91.216,1.0237,3.94,1.943,ATPG_037,SCAN_AT_SPEED,FREQ_MARGIN,-0.1028
538,LOT_A001,W001,D0001,0.9,1.74,85,93.465,1.0106,3.944,1.958,ATPG_038,SCAN_AT_SPEED,FREQ_MARGIN,-0.1293
539,LOT_A001,W001,D0001,0.9,1.76,85,93.041,1.0461,3.81,1.95,ATPG_039,SCAN_AT_SPEED,FREQ_MARGIN,-0.1733
540,LOT_A001,W001,D0001,0.9,1.78,85,96.287,1.0318,3.923,1.994,ATPG_040,SCAN_AT_SPEED,FREQ_MARGIN,-0.1492
541,LOT_A001,W001,D0001,0.9,1.8,85,97.164,1.1002,3.984,1.954,ATPG_041,SCAN_AT_SPEED,TIMING,-0.188
542,LOT_A001,W001,D0001,0.9,1.82,85,96.321,1.073,3.777,2.01,ATPG_042,SCAN_AT_SPEED,FREQ_MARGIN,-0.1962
543,LOT_A001,W001,D0001,0.9,1.84,85,99.678,1.0902,3.62,1.966,ATPG_043,SCAN_AT_SPEED,FREQ_MARGIN,-0.2497
544,LOT_A001,W001,D0001,0.9,1.86,85,98.906,1.1057,3.741,1.96,ATPG_044,SCAN_AT_SPEED,TIMING,-0.2928
545,LOT_A001,W001,D0001,0.9,1.88,85,97.73,1.0793,4.052,2.037,ATPG_045,SCAN_AT_SPEED,FREQ_MARGIN,-0.2398
546,LOT_A001,W001,D0001,0.9,1.9,85,101.321,1.1311,3.719,1.943,ATPG_046,SCAN_AT_SPEED,TIMING,-0.2949
547,LOT_A001,W001,D0001,0.9,1.92,85,103.393,1.1257,3.698,2.045,ATPG_047,SCAN_AT_SPEED,TIMING,-0.2928
548,LOT_A001,W001,D0001,0.9,1.94,85,100.617,1.1304,4.063,2.003,ATPG_048,SCAN_AT_SPEED,TIMING,-0.3446
549,LOT_A001,W001,D0001,0.9,1.96,85,102.914,1.1336,3.914,1.872,ATPG_049,SCAN_AT_SPEED,TIMING,-0.3475
550,LOT_A001,W001,D0001,0.9,1.98,85,103.374,1.1207,3.888,1.968,ATPG_050,SCAN_AT_SPEED,TIMING,-0.3803
551,LOT_A001,W001,D0001,0.91,1,85,63.911,0.7104,3.862,1.797,ATPG_051,SCAN_AT_SPEED,NA,0.6719
552,LOT_A001,W001,D0001,0.91,1.02,85,62.291,0.7138,3.715,1.829,ATPG_052,SCAN_AT_SPEED,NA,0.6122
553,LOT_A001,W001,D0001,0.91,1.04,85,61.352,0.7521,3.79,1.817,ATPG_053,SCAN_AT_SPEED,NA,0.6117
554,LOT_A001,W001,D0001,0.91,1.06,85,63.599,0.7528,3.808,1.803,ATPG_054,SCAN_AT_SPEED,NA,0.5951
555,LOT_A001,W001,D0001,0.91,1.08,85,63.176,0.75,3.653,1.795,ATPG_055,SCAN_AT_SPEED,NA,0.5566
556,LOT_A001,W001,D0001,0.91,1.1,85,64.919,0.7575,3.876,1.837,ATPG_056,SCAN_AT_SPEED,NA,0.5352
557,LOT_A001,W001,D0001,0.91,1.12,85,65.07,0.7487,3.729,1.802,ATPG_057,SCAN_AT_SPEED,NA,0.5361
558,LOT_A001,W001,D0001,0.91,1.14,85,65.714,0.7557,3.817,1.832,ATPG_058,SCAN_AT_SPEED,NA,0.494
559,LOT_A001,W001,D0001,0.91,1.16,85,66.957,0.7802,3.746,1.828,ATPG_059,SCAN_AT_SPEED,NA,0.491
560,LOT_A001,W001,D0001,0.91,1.18,85,69.852,0.7641,3.831,1.844,ATPG_060,SCAN_AT_SPEED,NA,0.445
561,LOT_A001,W001,D0001,0.91,1.2,85,74.527,0.8111,3.734,1.832,ATPG_061,SCAN_AT_SPEED,NA,0.4436
562,LOT_A001,W001,D0001,0.91,1.22,85,70.395,0.7984,4.022,1.818,ATPG_062,SCAN_AT_SPEED,NA,0.3883
563,LOT_A001,W001,D0001,0.91,1.24,85,70.256,0.8533,3.837,1.917,ATPG_063,SCAN_AT_SPEED,NA,0.3982
564,LOT_A001,W001,D0001,0.91,1.26,85,73.128,0.8372,3.944,1.77,ATPG_064,SCAN_AT_SPEED,NA,0.395
565,LOT_A001,W001,D0001,0.91,1.28,85,74.641,0.8383,3.674,1.848,ATPG_065,SCAN_AT_SPEED,NA,0.3553
566,LOT_A001,W001,D0001,0.91,1.3,85,76.224,0.8467,4.028,1.839,ATPG_066,SCAN_AT_SPEED,NA,0.371
567,LOT_A001,W001,D0001,0.91,1.32,85,73.176,0.8845,3.844,1.848,ATPG_067,SCAN_AT_SPEED,NA,0.2897
568,LOT_A001,W001,D0001,0.91,1.34,85,79.127,0.8943,4.218,1.855,ATPG_068,SCAN_AT_SPEED,NA,0.2949
569,LOT_A001,W001,D0001,0.91,1.36,85,73.83,0.9002,3.71,1.873,ATPG_069,SCAN_AT_SPEED,NA,0.2856
570,LOT_A001,W001,D0001,0.91,1.38,85,76.36,0.8671,3.794,1.847,ATPG_070,SCAN_AT_SPEED,NA,0.2406
571,LOT_A001,W001,D0001,0.91,1.4,85,79.78,0.8709,3.918,1.921,ATPG_071,SCAN_AT_SPEED,NA,0.2305
572,LOT_A001,W001,D0001,0.91,1.42,85,77.848,0.8953,4.062,1.883,ATPG_072,SCAN_AT_SPEED,NA,0.2111
573,LOT_A001,W001,D0001,0.91,1.44,85,80.871,0.8882,3.987,1.896,ATPG_073,SCAN_AT_SPEED,NA,0.1908
574,LOT_A001,W001,D0001,0.91,1.46,85,79.351,0.9006,3.965,1.932,ATPG_074,SCAN_AT_SPEED,NA,0.1748
575,LOT_A001,W001,D0001,0.91,1.48,85,82.545,0.8876,3.797,1.885,ATPG_075,SCAN_AT_SPEED,NA,0.1488
576,LOT_A001,W001,D0001,0.91,1.5,85,80.894,0.9218,3.929,1.883,ATPG_076,SCAN_AT_SPEED,NA,0.1239
577,LOT_A001,W001,D0001,0.91,1.52,85,79.623,0.9315,3.954,1.784,ATPG_077,SCAN_AT_SPEED,NA,0.08
578,LOT_A001,W001,D0001,0.91,1.54,85,83.353,0.976,3.827,1.913,ATPG_078,SCAN_AT_SPEED,NA,0.0913
579,LOT_A001,W001,D0001,0.91,1.56,85,81.325,0.9734,3.917,1.921,ATPG_079,SCAN_AT_SPEED,NA,0.0829
580,LOT_A001,W001,D0001,0.91,1.58,85,82.269,0.9992,3.842,1.916,ATPG_080,SCAN_AT_SPEED,NA,0.131
581,LOT_A001,W001,D0001,0.91,1.6,85,86.116,0.9665,3.934,1.847,ATPG_081,SCAN_AT_SPEED,NA,0.0395
582,LOT_A001,W001,D0001,0.91,1.62,85,86.991,0.9651,3.817,1.962,ATPG_082,SCAN_AT_SPEED,NA,0.0338
583,LOT_A001,W001,D0001,0.91,1.64,85,89.245,0.9808,3.999,1.943,ATPG_083,SCAN_AT_SPEED,FREQ_MARGIN,-0.0093
584,LOT_A001,W001,D0001,0.91,1.66,85,89.144,1.0146,3.9,1.971,ATPG_084,SCAN_AT_SPEED,NA,0.0136
585,LOT_A001,W001,D0001,0.91,1.68,85,91.661,1.0077,3.875,1.926,ATPG_085,SCAN_AT_SPEED,FREQ_MARGIN,-0.0526
586,LOT_A001,W001,D0001,0.91,1.7,85,90.971,1.0237,4.122,1.965,ATPG_086,SCAN_AT_SPEED,FREQ_MARGIN,-0.0551
587,LOT_A001,W001,D0001,0.91,1.72,85,91.22,1.0124,4.028,1.965,ATPG_087,SCAN_AT_SPEED,FREQ_MARGIN,-0.064
588,LOT_A001,W001,D0001,0.91,1.74,85,91.813,1.0329,3.639,1.918,ATPG_088,SCAN_AT_SPEED,FREQ_MARGIN,-0.0732
589,LOT_A001,W001,D0001,0.91,1.76,85,92.92,1.0571,3.856,1.95,ATPG_089,SCAN_AT_SPEED,FREQ_MARGIN,-0.1017
590,LOT_A001,W001,D0001,0.91,1.78,85,94.773,1.0004,3.857,1.875,ATPG_090,SCAN_AT_SPEED,FREQ_MARGIN,-0.1603
591,LOT_A001,W001,D0001,0.91,1.8,85,96.879,1.0712,4.113,1.906,ATPG_091,SCAN_AT_SPEED,FREQ_MARGIN,-0.138
592,LOT_A001,W001,D0001,0.91,1.82,85,98.018,1.0671,4.055,1.903,ATPG_092,SCAN_AT_SPEED,FREQ_MARGIN,-0.1482
593,LOT_A001,W001,D0001,0.91,1.84,85,96.105,1.0705,3.727,2,ATPG_093,SCAN_AT_SPEED,FREQ_MARGIN,-0.2145
594,LOT_A001,W001,D0001,0.91,1.86,85,98.695,1.0783,3.612,1.966,ATPG_094,SCAN_AT_SPEED,FREQ_MARGIN,-0.2243
595,LOT_A001,W001,D0001,0.91,1.88,85,98.796,1.0726,4.183,1.995,ATPG_095,SCAN_AT_SPEED,FREQ_MARGIN,-0.2741
596,LOT_A001,W001,D0001,0.91,1.9,85,102.055,1.0906,3.967,1.97,ATPG_096,SCAN_AT_SPEED,FREQ_MARGIN,-0.2578
597,LOT_A001,W001,D0001,0.91,1.92,85,102.93,1.1276,3.928,1.899,ATPG_097,SCAN_AT_SPEED,TIMING,-0.2749
598,LOT_A001,W001,D0001,0.91,1.94,85,101.279,1.1247,3.715,2.066,ATPG_098,SCAN_AT_SPEED,TIMING,-0.317
599,LOT_A001,W001,D0001,0.91,1.96,85,103.444,1.1329,3.853,1.935,ATPG_099,SCAN_AT_SPEED,TIMING,-0.2924
600,LOT_A001,W001,D0001,0.91,1.98,85,103.684,1.1178,3.935,1.97,ATPG_100,SCAN_AT_SPEED,TIMING,-0.3383
601,LOT_A001,W001,D0001,0.92,1,85,59.811,0.7102,4.223,1.822,ATPG_001,SCAN_AT_SPEED,NA,0.6409
602,LOT_A001,W001,D0001,0.92,1.02,85,63.095,0.6983,4.102,1.785,ATPG_002,SCAN_AT_SPEED,NA,0.6312
603,LOT_A001,W001,D0001,0.92,1.04,85,65.466,0.7116,3.73,1.784,ATPG_003,SCAN_AT_SPEED,NA,0.6336
604,LOT_A001,W001,D0001,0.92,1.06,85,61.205,0.6924,3.872,1.833,ATPG_004,SCAN_AT_SPEED,NA,0.634
605,LOT_A001,W001,D0001,0.92,1.08,85,63.966,0.7446,4.113,1.74,ATPG_005,SCAN_AT_SPEED,NA,0.6169
606,LOT_A001,W001,D0001,0.92,1.1,85,66.003,0.7687,3.864,1.819,ATPG_006,SCAN_AT_SPEED,NA,0.5683
607,LOT_A001,W001,D0001,0.92,1.12,85,65.335,0.7774,3.793,1.824,ATPG_007,SCAN_AT_SPEED,NA,0.5105
608,LOT_A001,W001,D0001,0.92,1.14,85,66.763,0.7809,3.796,1.817,ATPG_008,SCAN_AT_SPEED,NA,0.5433
609,LOT_A001,W001,D0001,0.92,1.16,85,68.523,0.7758,3.974,1.857,ATPG_009,SCAN_AT_SPEED,NA,0.5263
610,LOT_A001,W001,D0001,0.92,1.18,85,71.186,0.7889,4.004,1.88,ATPG_010,SCAN_AT_SPEED,NA,0.4584
611,LOT_A001,W001,D0001,0.92,1.2,85,68.683,0.7984,3.822,1.905,ATPG_011,SCAN_AT_SPEED,NA,0.4506
612,LOT_A001,W001,D0001,0.92,1.22,85,69.82,0.8159,3.76,1.824,ATPG_012,SCAN_AT_SPEED,NA,0.4399
613,LOT_A001,W001,D0001,0.92,1.24,85,71.081,0.8191,3.861,1.783,ATPG_013,SCAN_AT_SPEED,NA,0.441
614,LOT_A001,W001,D0001,0.92,1.26,85,75.699,0.8297,3.974,1.875,ATPG_014,SCAN_AT_SPEED,NA,0.4211
615,LOT_A001,W001,D0001,0.92,1.28,85,76.465,0.8416,4.185,1.821,ATPG_015,SCAN_AT_SPEED,NA,0.3724
616,LOT_A001,W001,D0001,0.92,1.3,85,75.655,0.8566,3.975,1.844,ATPG_016,SCAN_AT_SPEED,NA,0.408
617,LOT_A001,W001,D0001,0.92,1.32,85,75.373,0.8198,3.772,1.85,ATPG_017,SCAN_AT_SPEED,NA,0.3769
618,LOT_A001,W001,D0001,0.92,1.34,85,75.878,0.8857,3.647,1.867,ATPG_018,SCAN_AT_SPEED,NA,0.3409
619,LOT_A001,W001,D0001,0.92,1.36,85,78.207,0.8707,4.003,1.83,ATPG_019,SCAN_AT_SPEED,NA,0.2826
620,LOT_A001,W001,D0001,0.92,1.38,85,79.575,0.8915,3.921,1.892,ATPG_020,SCAN_AT_SPEED,NA,0.3183
621,LOT_A001,W001,D0001,0.92,1.4,85,80.1,0.9193,4.101,1.843,ATPG_021,SCAN_AT_SPEED,NA,0.2626
622,LOT_A001,W001,D0001,0.92,1.42,85,77.092,0.9085,4.008,1.801,ATPG_022,SCAN_AT_SPEED,NA,0.2618
623,LOT_A001,W001,D0001,0.92,1.44,85,79.77,0.9014,3.759,1.895,ATPG_023,SCAN_AT_SPEED,NA,0.2144
624,LOT_A001,W001,D0001,0.92,1.46,85,80.79,0.9018,4.097,1.949,ATPG_024,SCAN_AT_SPEED,NA,0.2198
625,LOT_A001,W001,D0001,0.92,1.48,85,80.898,0.9328,3.886,1.881,ATPG_025,SCAN_AT_SPEED,NA,0.1866
626,LOT_A001,W001,D0001,0.92,1.5,85,79.423,0.9563,3.951,1.874,ATPG_026,SCAN_AT_SPEED,NA,0.1886
627,LOT_A001,W001,D0001,0.92,1.52,85,83.652,0.91,4.164,1.895,ATPG_027,SCAN_AT_SPEED,NA,0.1537
628,LOT_A001,W001,D0001,0.92,1.54,85,86.293,0.9314,4.011,1.886,ATPG_028,SCAN_AT_SPEED,NA,0.1433
629,LOT_A001,W001,D0001,0.92,1.56,85,81.611,0.9566,3.85,1.918,ATPG_029,SCAN_AT_SPEED,NA,0.1305
630,LOT_A001,W001,D0001,0.92,1.58,85,85.026,0.9542,3.923,1.869,ATPG_030,SCAN_AT_SPEED,NA,0.1037
631,LOT_A001,W001,D0001,0.92,1.6,85,86.495,0.9233,3.884,1.866,ATPG_031,SCAN_AT_SPEED,NA,0.0904
632,LOT_A001,W001,D0001,0.92,1.62,85,85.793,0.9862,4.139,1.924,ATPG_032,SCAN_AT_SPEED,NA,0.0259
633,LOT_A001,W001,D0001,0.92,1.64,85,89.701,0.9845,3.836,1.869,ATPG_033,SCAN_AT_SPEED,NA,0.0244
634,LOT_A001,W001,D0001,0.92,1.66,85,89.038,1.0042,3.926,1.902,ATPG_034,SCAN_AT_SPEED,FREQ_MARGIN,-0.0163
635,LOT_A001,W001,D0001,0.92,1.68,85,91.695,0.9863,4.056,1.882,ATPG_035,SCAN_AT_SPEED,FREQ_MARGIN,-0.0217
636,LOT_A001,W001,D0001,0.92,1.7,85,88.82,1.0096,4.086,1.947,ATPG_036,SCAN_AT_SPEED,FREQ_MARGIN,-0.0383
637,LOT_A001,W001,D0001,0.92,1.72,85,93.26,1.0073,3.89,1.898,ATPG_037,SCAN_AT_SPEED,FREQ_MARGIN,-0.0271
638,LOT_A001,W001,D0001,0.92,1.74,85,91.026,1.0519,4.074,2.006,ATPG_038,SCAN_AT_SPEED,FREQ_MARGIN,-0.0408
639,LOT_A001,W001,D0001,0.92,1.76,85,95.322,1.0855,3.847,1.875,ATPG_039,SCAN_AT_SPEED,FREQ_MARGIN,-0.0921
640,LOT_A001,W001,D0001,0.92,1.78,85,96.183,1.0191,3.884,1.958,ATPG_040,SCAN_AT_SPEED,FREQ_MARGIN,-0.1386
641,LOT_A001,W001,D0001,0.92,1.8,85,96.526,1.0656,4.132,1.906,ATPG_041,SCAN_AT_SPEED,FREQ_MARGIN,-0.1214
642,LOT_A001,W001,D0001,0.92,1.82,85,95.229,1.0851,4.075,1.966,ATPG_042,SCAN_AT_SPEED,FREQ_MARGIN,-0.1569
643,LOT_A001,W001,D0001,0.92,1.84,85,95.36,1.1088,4.168,1.981,ATPG_043,SCAN_AT_SPEED,TIMING,-0.1434
644,LOT_A001,W001,D0001,0.92,1.86,85,95.358,1.078,3.83,1.984,ATPG_044,SCAN_AT_SPEED,FREQ_MARGIN,-0.1526
645,LOT_A001,W001,D0001,0.92,1.88,85,100.563,1.1207,4.044,1.97,ATPG_045,SCAN_AT_SPEED,TIMING,-0.2236
646,LOT_A001,W001,D0001,0.92,1.9,85,98.536,1.1271,4.057,1.96,ATPG_046,SCAN_AT_SPEED,TIMING,-0.2425
647,LOT_A001,W001,D0001,0.92,1.92,85,97.274,1.0939,4.227,1.914,ATPG_047,SCAN_AT_SPEED,FREQ_MARGIN,-0.2522
648,LOT_A001,W001,D0001,0.92,1.94,85,103.593,1.0992,3.968,2.007,ATPG_048,SCAN_AT_SPEED,FREQ_MARGIN,-0.2613
649,LOT_A001,W001,D0001,0.92,1.96,85,107.803,1.1004,4.099,1.966,ATPG_049,SCAN_AT_SPEED,TIMING,-0.2845
650,LOT_A001,W001,D0001,0.92,1.98,85,104.294,1.1258,3.974,1.902,ATPG_050,SCAN_AT_SPEED,TIMING,-0.2908
651,LOT_A001,W001,D0001,0.93,1,85,62.177,0.7279,4.154,1.815,ATPG_051,SCAN_AT_SPEED,NA,0.7207
652,LOT_A001,W001,D0001,0.93,1.02,85,60.914,0.7122,4.173,1.861,ATPG_052,SCAN_AT_SPEED,NA,0.6925
653,LOT_A001,W001,D0001,0.93,1.04,85,63.443,0.7173,4.171,1.834,ATPG_053,SCAN_AT_SPEED,NA,0.6656
654,LOT_A001,W001,D0001,0.93,1.06,85,62.639,0.7354,4.03,1.837,ATPG_054,SCAN_AT_SPEED,NA,0.6848
655,LOT_A001,W001,D0001,0.93,1.08,85,63.509,0.7667,4.103,1.778,ATPG_055,SCAN_AT_SPEED,NA,0.626
656,LOT_A001,W001,D0001,0.93,1.1,85,68.046,0.7618,4.007,1.84,ATPG_056,SCAN_AT_SPEED,NA,0.6343
657,LOT_A001,W001,D0001,0.93,1.12,85,66.854,0.7293,4.126,1.759,ATPG_057,SCAN_AT_SPEED,NA,0.5744
658,LOT_A001,W001,D0001,0.93,1.14,85,67.066,0.7728,3.901,1.814,ATPG_058,SCAN_AT_SPEED,NA,0.5969
659,LOT_A001,W001,D0001,0.93,1.16,85,64.042,0.8082,4.046,1.781,ATPG_059,SCAN_AT_SPEED,NA,0.5754
660,LOT_A001,W001,D0001,0.93,1.18,85,72.398,0.7768,3.822,1.878,ATPG_060,SCAN_AT_SPEED,NA,0.5105
661,LOT_A001,W001,D0001,0.93,1.2,85,68.552,0.8063,3.841,1.88,ATPG_061,SCAN_AT_SPEED,NA,0.516
662,LOT_A001,W001,D0001,0.93,1.22,85,72.058,0.8175,4.259,1.84,ATPG_062,SCAN_AT_SPEED,NA,0.509
663,LOT_A001,W001,D0001,0.93,1.24,85,72.769,0.8571,3.843,1.829,ATPG_063,SCAN_AT_SPEED,NA,0.4486
664,LOT_A001,W001,D0001,0.93,1.26,85,72.723,0.8105,4.163,1.94,ATPG_064,SCAN_AT_SPEED,NA,0.4574
665,LOT_A001,W001,D0001,0.93,1.28,85,72.053,0.8089,4.034,1.895,ATPG_065,SCAN_AT_SPEED,NA,0.4334
666,LOT_A001,W001,D0001,0.93,1.3,85,74.536,0.8348,3.831,1.887,ATPG_066,SCAN_AT_SPEED,NA,0.4184
667,LOT_A001,W001,D0001,0.93,1.32,85,72.618,0.8826,4.081,1.914,ATPG_067,SCAN_AT_SPEED,NA,0.4063
668,LOT_A001,W001,D0001,0.93,1.34,85,73.802,0.8599,4.07,1.933,ATPG_068,SCAN_AT_SPEED,NA,0.3457
669,LOT_A001,W001,D0001,0.93,1.36,85,76.683,0.8527,4.18,1.826,ATPG_069,SCAN_AT_SPEED,NA,0.3626
670,LOT_A001,W001,D0001,0.93,1.38,85,77.468,0.9084,4.097,1.863,ATPG_070,SCAN_AT_SPEED,NA,0.3592
671,LOT_A001,W001,D0001,0.93,1.4,85,78.226,0.8961,4.007,1.848,ATPG_071,SCAN_AT_SPEED,NA,0.3005
672,LOT_A001,W001,D0001,0.93,1.42,85,79.841,0.8587,4.064,1.836,ATPG_072,SCAN_AT_SPEED,NA,0.2869
673,LOT_A001,W001,D0001,0.93,1.44,85,77.523,0.8733,3.792,1.851,ATPG_073,SCAN_AT_SPEED,NA,0.2491
674,LOT_A001,W001,D0001,0.93,1.46,85,80.473,0.9174,4.055,1.888,ATPG_074,SCAN_AT_SPEED,NA,0.285
675,LOT_A001,W001,D0001,0.93,1.48,85,80.128,0.9489,4.266,1.819,ATPG_075,SCAN_AT_SPEED,NA,0.2285
676,LOT_A001,W001,D0001,0.93,1.5,85,82.636,0.914,4.071,1.861,ATPG_076,SCAN_AT_SPEED,NA,0.1914
677,LOT_A001,W001,D0001,0.93,1.52,85,86.143,0.9438,4.149,1.938,ATPG_077,SCAN_AT_SPEED,NA,0.2289
678,LOT_A001,W001,D0001,0.93,1.54,85,83.391,0.95,4.124,1.903,ATPG_078,SCAN_AT_SPEED,NA,0.1597
679,LOT_A001,W001,D0001,0.93,1.56,85,84.275,0.9559,3.984,1.98,ATPG_079,SCAN_AT_SPEED,NA,0.1215
680,LOT_A001,W001,D0001,0.93,1.58,85,87.49,0.9926,4.336,1.888,ATPG_080,SCAN_AT_SPEED,NA,0.1049
681,LOT_A001,W001,D0001,0.93,1.6,85,88.466,0.9779,3.98,1.925,ATPG_081,SCAN_AT_SPEED,NA,0.1187
682,LOT_A001,W001,D0001,0.93,1.62,85,89.528,0.9853,3.962,1.993,ATPG_082,SCAN_AT_SPEED,NA,0.0443
683,LOT_A001,W001,D0001,0.93,1.64,85,88.434,1.0274,3.87,1.893,ATPG_083,SCAN_AT_SPEED,NA,0.0577
684,LOT_A001,W001,D0001,0.93,1.66,85,91.533,1.0039,3.801,1.898,ATPG_084,SCAN_AT_SPEED,NA,0.0472
685,LOT_A001,W001,D0001,0.93,1.68,85,90.741,1.0165,4.058,1.851,ATPG_085,SCAN_AT_SPEED,NA,0.0189
686,LOT_A001,W001,D0001,0.93,1.7,85,92.195,1.0423,4.062,1.97,ATPG_086,SCAN_AT_SPEED,NA,0.029
687,LOT_A001,W001,D0001,0.93,1.72,85,95.023,1.0354,3.98,2.02,ATPG_087,SCAN_AT_SPEED,FREQ_MARGIN,-0.0017
688,LOT_A001,W001,D0001,0.93,1.74,85,94.493,1.0116,3.802,1.945,ATPG_088,SCAN_AT_SPEED,FREQ_MARGIN,-0.0141
689,LOT_A001,W001,D0001,0.93,1.76,85,93.215,1.0457,4.233,1.965,ATPG_089,SCAN_AT_SPEED,FREQ_MARGIN,-0.0475
690,LOT_A001,W001,D0001,0.93,1.78,85,94.979,1.0373,3.937,1.924,ATPG_090,SCAN_AT_SPEED,FREQ_MARGIN,-0.0907
691,LOT_A001,W001,D0001,0.93,1.8,85,93.781,1.0581,3.911,1.827,ATPG_091,SCAN_AT_SPEED,FREQ_MARGIN,-0.0987
692,LOT_A001,W001,D0001,0.93,1.82,85,98.86,1.0622,3.998,1.901,ATPG_092,SCAN_AT_SPEED,FREQ_MARGIN,-0.0732
693,LOT_A001,W001,D0001,0.93,1.84,85,101.175,1.0804,4.149,1.958,ATPG_093,SCAN_AT_SPEED,FREQ_MARGIN,-0.0996
694,LOT_A001,W001,D0001,0.93,1.86,85,97.879,1.0886,3.927,1.946,ATPG_094,SCAN_AT_SPEED,FREQ_MARGIN,-0.1742
695,LOT_A001,W001,D0001,0.93,1.88,85,99.334,1.0957,3.836,1.93,ATPG_095,SCAN_AT_SPEED,FREQ_MARGIN,-0.1718
696,LOT_A001,W001,D0001,0.93,1.9,85,102.1,1.0655,4.168,2.017,ATPG_096,SCAN_AT_SPEED,FREQ_MARGIN,-0.2132
697,LOT_A001,W001,D0001,0.93,1.92,85,96.514,1.1055,3.985,1.925,ATPG_097,SCAN_AT_SPEED,TIMING,-0.2156
698,LOT_A001,W001,D0001,0.93,1.94,85,104.814,1.1326,3.856,1.905,ATPG_098,SCAN_AT_SPEED,TIMING,-0.2394
699,LOT_A001,W001,D0001,0.93,1.96,85,102.536,1.1381,3.915,1.993,ATPG_099,SCAN_AT_SPEED,TIMING,-0.256
700,LOT_A001,W001,D0001,0.93,1.98,85,105.248,1.1369,3.968,1.962,ATPG_100,SCAN_AT_SPEED,TIMING,-0.2353
701,LOT_A001,W001,D0001,0.94,1,85,60.791,0.716,4.058,1.78,ATPG_001,SCAN_AT_SPEED,NA,0.7654
702,LOT_A001,W001,D0001,0.94,1.02,85,63.361,0.7227,4.125,1.782,ATPG_002,SCAN_AT_SPEED,NA,0.6994
703,LOT_A001,W001,D0001,0.94,1.04,85,62.062,0.7632,3.788,1.825,ATPG_003,SCAN_AT_SPEED,NA,0.7261
704,LOT_A001,W001,D0001,0.94,1.06,85,63.068,0.7486,4.242,1.722,ATPG_004,SCAN_AT_SPEED,NA,0.6927
705,LOT_A001,W001,D0001,0.94,1.08,85,60.872,0.7322,4.294,1.791,ATPG_005,SCAN_AT_SPEED,NA,0.6732
706,LOT_A001,W001,D0001,0.94,1.1,85,65.864,0.7954,3.775,1.776,ATPG_006,SCAN_AT_SPEED,NA,0.623
707,LOT_A001,W001,D0001,0.94,1.12,85,70.424,0.7649,3.864,1.905,ATPG_007,SCAN_AT_SPEED,NA,0.6511
708,LOT_A001,W001,D0001,0.94,1.14,85,69.162,0.7608,4.043,1.819,ATPG_008,SCAN_AT_SPEED,NA,0.6328
709,LOT_A001,W001,D0001,0.94,1.16,85,71.412,0.7998,3.888,1.884,ATPG_009,SCAN_AT_SPEED,NA,0.5901
710,LOT_A001,W001,D0001,0.94,1.18,85,70.897,0.819,3.883,1.831,ATPG_010,SCAN_AT_SPEED,NA,0.5698
711,LOT_A001,W001,D0001,0.94,1.2,85,67.698,0.8074,4.427,1.762,ATPG_011,SCAN_AT_SPEED,NA,0.5346
712,LOT_A001,W001,D0001,0.94,1.22,85,72.533,0.812,4.033,1.788,ATPG_012,SCAN_AT_SPEED,NA,0.5235
713,LOT_A001,W001,D0001,0.94,1.24,85,70.878,0.779,4.229,1.882,ATPG_013,SCAN_AT_SPEED,NA,0.5083
714,LOT_A001,W001,D0001,0.94,1.26,85,73.512,0.8463,4.084,1.883,ATPG_014,SCAN_AT_SPEED,NA,0.485
715,LOT_A001,W001,D0001,0.94,1.28,85,76.322,0.8414,4.079,1.8,ATPG_015,SCAN_AT_SPEED,NA,0.4588
716,LOT_A001,W001,D0001,0.94,1.3,85,73.322,0.8327,3.928,1.811,ATPG_016,SCAN_AT_SPEED,NA,0.4493
717,LOT_A001,W001,D0001,0.94,1.32,85,78.076,0.8874,3.867,1.86,ATPG_017,SCAN_AT_SPEED,NA,0.4624
718,LOT_A001,W001,D0001,0.94,1.34,85,75.288,0.8449,4.236,1.845,ATPG_018,SCAN_AT_SPEED,NA,0.3808
719,LOT_A001,W001,D0001,0.94,1.36,85,78.487,0.9115,3.828,1.915,ATPG_019,SCAN_AT_SPEED,NA,0.4034
720,LOT_A001,W001,D0001,0.94,1.38,85,76.508,0.8967,4.1,1.859,ATPG_020,SCAN_AT_SPEED,NA,0.3848
721,LOT_A001,W001,D0001,0.94,1.4,85,77.826,0.9241,4.05,1.903,ATPG_021,SCAN_AT_SPEED,NA,0.3293
722,LOT_A001,W001,D0001,0.94,1.42,85,78.576,0.9153,3.848,1.859,ATPG_022,SCAN_AT_SPEED,NA,0.3099
723,LOT_A001,W001,D0001,0.94,1.44,85,81.04,0.9012,4.109,1.907,ATPG_023,SCAN_AT_SPEED,NA,0.3047
724,LOT_A001,W001,D0001,0.94,1.46,85,79.926,0.9079,4.229,1.919,ATPG_024,SCAN_AT_SPEED,NA,0.2973
725,LOT_A001,W001,D0001,0.94,1.48,85,83.193,0.886,4.057,1.962,ATPG_025,SCAN_AT_SPEED,NA,0.2394
726,LOT_A001,W001,D0001,0.94,1.5,85,81.918,0.944,3.819,1.865,ATPG_026,SCAN_AT_SPEED,NA,0.2271
727,LOT_A001,W001,D0001,0.94,1.52,85,83.138,0.9346,4.162,1.91,ATPG_027,SCAN_AT_SPEED,NA,0.2349
728,LOT_A001,W001,D0001,0.94,1.54,85,84.53,0.9541,4.031,1.916,ATPG_028,SCAN_AT_SPEED,NA,0.2089
729,LOT_A001,W001,D0001,0.94,1.56,85,85.671,0.9382,4.045,1.868,ATPG_029,SCAN_AT_SPEED,NA,0.1752
730,LOT_A001,W001,D0001,0.94,1.58,85,87.326,0.9684,4.167,1.887,ATPG_030,SCAN_AT_SPEED,NA,0.1441
731,LOT_A001,W001,D0001,0.94,1.6,85,88.711,0.9812,3.926,1.914,ATPG_031,SCAN_AT_SPEED,NA,0.1515
732,LOT_A001,W001,D0001,0.94,1.62,85,88.593,0.9442,4.074,2,ATPG_032,SCAN_AT_SPEED,NA,0.1307
733,LOT_A001,W001,D0001,0.94,1.64,85,88.129,0.9971,4.097,1.963,ATPG_033,SCAN_AT_SPEED,NA,0.0976
734,LOT_A001,W001,D0001,0.94,1.66,85,91.616,1.0096,4.029,1.932,ATPG_034,SCAN_AT_SPEED,NA,0.0615
735,LOT_A001,W001,D0001,0.94,1.68,85,92.73,0.987,4.173,1.92,ATPG_035,SCAN_AT_SPEED,NA,0.0827
736,LOT_A001,W001,D0001,0.94,1.7,85,92.152,1.0135,4.229,1.923,ATPG_036,SCAN_AT_SPEED,NA,0.0454
737,LOT_A001,W001,D0001,0.94,1.72,85,92.172,1.028,4.234,1.954,ATPG_037,SCAN_AT_SPEED,NA,0.004
738,LOT_A001,W001,D0001,0.94,1.74,85,98.213,1.0382,4.241,1.927,ATPG_038,SCAN_AT_SPEED,FREQ_MARGIN,-0.0112
739,LOT_A001,W001,D0001,0.94,1.76,85,96.111,1.0639,4.209,1.972,ATPG_039,SCAN_AT_SPEED,FREQ_MARGIN,-0.0063
740,LOT_A001,W001,D0001,0.94,1.78,85,94.431,1.0566,4.19,1.931,ATPG_040,SCAN_AT_SPEED,FREQ_MARGIN,-0.0416
741,LOT_A001,W001,D0001,0.94,1.8,85,98.935,1.0427,3.924,1.938,ATPG_041,SCAN_AT_SPEED,FREQ_MARGIN,-0.0367
742,LOT_A001,W001,D0001,0.94,1.82,85,96.236,1.0921,4.114,1.949,ATPG_042,SCAN_AT_SPEED,FREQ_MARGIN,-0.0703
743,LOT_A001,W001,D0001,0.94,1.84,85,95.672,1.0815,3.73,1.992,ATPG_043,SCAN_AT_SPEED,FREQ_MARGIN,-0.1217
744,LOT_A001,W001,D0001,0.94,1.86,85,104.738,1.1265,4.023,1.951,ATPG_044,SCAN_AT_SPEED,TIMING,-0.1187
745,LOT_A001,W001,D0001,0.94,1.88,85,102.826,1.0641,3.782,1.934,ATPG_045,SCAN_AT_SPEED,FREQ_MARGIN,-0.118
746,LOT_A001,W001,D0001,0.94,1.9,85,101.514,1.1215,3.87,1.869,ATPG_046,SCAN_AT_SPEED,TIMING,-0.1454
747,LOT_A001,W001,D0001,0.94,1.92,85,99.989,1.0745,4.072,1.997,ATPG_047,SCAN_AT_SPEED,FREQ_MARGIN,-0.1604
748,LOT_A001,W001,D0001,0.94,1.94,85,101.516,1.1165,3.994,1.915,ATPG_048,SCAN_AT_SPEED,TIMING,-0.1981
749,LOT_A001,W001,D0001,0.94,1.96,85,104.138,1.1338,4.075,1.933,ATPG_049,SCAN_AT_SPEED,TIMING,-0.2287
750,LOT_A001,W001,D0001,0.94,1.98,85,100.141,1.1398,4.264,1.917,ATPG_050,SCAN_AT_SPEED,TIMING,-0.2391
751,LOT_A001,W001,D0001,0.95,1,85,62.792,0.7366,4.038,1.772,ATPG_051,SCAN_AT_SPEED,NA,0.7675
752,LOT_A001,W001,D0001,0.95,1.02,85,63.246,0.7594,4.147,1.803,ATPG_052,SCAN_AT_SPEED,NA,0.7226
753,LOT_A001,W001,D0001,0.95,1.04,85,63.9,0.7166,4.228,1.816,ATPG_053,SCAN_AT_SPEED,NA,0.7438
754,LOT_A001,W001,D0001,0.95,1.06,85,63.024,0.7633,4.205,1.789,ATPG_054,SCAN_AT_SPEED,NA,0.7183
755,LOT_A001,W001,D0001,0.95,1.08,85,64.744,0.7343,3.991,1.744,ATPG_055,SCAN_AT_SPEED,NA,0.716
756,LOT_A001,W001,D0001,0.95,1.1,85,63.204,0.7349,3.794,1.815,ATPG_056,SCAN_AT_SPEED,NA,0.6865
757,LOT_A001,W001,D0001,0.95,1.12,85,66.772,0.7468,3.929,1.84,ATPG_057,SCAN_AT_SPEED,NA,0.6553
758,LOT_A001,W001,D0001,0.95,1.14,85,68.789,0.7583,4.132,1.877,ATPG_058,SCAN_AT_SPEED,NA,0.6281
759,LOT_A001,W001,D0001,0.95,1.16,85,68.338,0.7874,4.069,1.829,ATPG_059,SCAN_AT_SPEED,NA,0.6286
760,LOT_A001,W001,D0001,0.95,1.18,85,69.644,0.7952,3.956,1.792,ATPG_060,SCAN_AT_SPEED,NA,0.5921
761,LOT_A001,W001,D0001,0.95,1.2,85,67.92,0.7781,4.129,1.8,ATPG_061,SCAN_AT_SPEED,NA,0.553
762,LOT_A001,W001,D0001,0.95,1.22,85,71.722,0.7732,4.203,1.872,ATPG_062,SCAN_AT_SPEED,NA,0.5672
763,LOT_A001,W001,D0001,0.95,1.24,85,73.276,0.8018,4.12,1.793,ATPG_063,SCAN_AT_SPEED,NA,0.5201
764,LOT_A001,W001,D0001,0.95,1.26,85,72.691,0.8236,4.045,1.799,ATPG_064,SCAN_AT_SPEED,NA,0.4857
765,LOT_A001,W001,D0001,0.95,1.28,85,74.725,0.8336,4.132,1.824,ATPG_065,SCAN_AT_SPEED,NA,0.4908
766,LOT_A001,W001,D0001,0.95,1.3,85,72.983,0.8518,4.282,1.873,ATPG_066,SCAN_AT_SPEED,NA,0.4991
767,LOT_A001,W001,D0001,0.95,1.32,85,75.009,0.8702,3.892,1.819,ATPG_067,SCAN_AT_SPEED,NA,0.4544
768,LOT_A001,W001,D0001,0.95,1.34,85,79.048,0.867,3.96,1.849,ATPG_068,SCAN_AT_SPEED,NA,0.4308
769,LOT_A001,W001,D0001,0.95,1.36,85,76.402,0.8864,3.899,1.929,ATPG_069,SCAN_AT_SPEED,NA,0.4069
770,LOT_A001,W001,D0001,0.95,1.38,85,80.504,0.8691,4.083,1.811,ATPG_070,SCAN_AT_SPEED,NA,0.4129
771,LOT_A001,W001,D0001,0.95,1.4,85,80.289,0.9093,3.939,1.857,ATPG_071,SCAN_AT_SPEED,NA,0.3686
772,LOT_A001,W001,D0001,0.95,1.42,85,77.748,0.9052,3.996,1.868,ATPG_072,SCAN_AT_SPEED,NA,0.3553
773,LOT_A001,W001,D0001,0.95,1.44,85,79.699,0.9031,4.073,1.864,ATPG_073,SCAN_AT_SPEED,NA,0.3299
774,LOT_A001,W001,D0001,0.95,1.46,85,82.555,0.9416,4.126,1.923,ATPG_074,SCAN_AT_SPEED,NA,0.3049
775,LOT_A001,W001,D0001,0.95,1.48,85,83.124,0.9006,3.883,1.857,ATPG_075,SCAN_AT_SPEED,NA,0.273
776,LOT_A001,W001,D0001,0.95,1.5,85,85.41,0.9334,3.875,1.882,ATPG_076,SCAN_AT_SPEED,NA,0.2995
777,LOT_A001,W001,D0001,0.95,1.52,85,84.876,0.9044,3.971,1.891,ATPG_077,SCAN_AT_SPEED,NA,0.2634
778,LOT_A001,W001,D0001,0.95,1.54,85,81.467,0.9433,4.126,1.931,ATPG_078,SCAN_AT_SPEED,NA,0.2477
779,LOT_A001,W001,D0001,0.95,1.56,85,87.329,0.9404,3.819,1.885,ATPG_079,SCAN_AT_SPEED,NA,0.2305
780,LOT_A001,W001,D0001,0.95,1.58,85,89.648,0.9762,4.169,1.92,ATPG_080,SCAN_AT_SPEED,NA,0.216
781,LOT_A001,W001,D0001,0.95,1.6,85,87.766,1.002,3.964,1.973,ATPG_081,SCAN_AT_SPEED,NA,0.168
782,LOT_A001,W001,D0001,0.95,1.62,85,91.246,0.9553,4.193,1.882,ATPG_082,SCAN_AT_SPEED,NA,0.1522
783,LOT_A001,W001,D0001,0.95,1.64,85,90.113,1.0074,3.978,1.855,ATPG_083,SCAN_AT_SPEED,NA,0.1125
784,LOT_A001,W001,D0001,0.95,1.66,85,90.423,1.0077,4.247,1.916,ATPG_084,SCAN_AT_SPEED,NA,0.1163
785,LOT_A001,W001,D0001,0.95,1.68,85,91.844,1.0002,3.863,1.912,ATPG_085,SCAN_AT_SPEED,NA,0.1314
786,LOT_A001,W001,D0001,0.95,1.7,85,94.029,1.0233,3.928,1.933,ATPG_086,SCAN_AT_SPEED,NA,0.0719
787,LOT_A001,W001,D0001,0.95,1.72,85,95.91,1.0396,4.219,1.932,ATPG_087,SCAN_AT_SPEED,NA,0.0701
788,LOT_A001,W001,D0001,0.95,1.74,85,96.269,1.0082,4.053,1.902,ATPG_088,SCAN_AT_SPEED,NA,0.045
789,LOT_A001,W001,D0001,0.95,1.76,85,97.094,1.0301,3.746,1.92,ATPG_089,SCAN_AT_SPEED,NA,0.0248
790,LOT_A001,W001,D0001,0.95,1.78,85,96.708,1.0571,4.063,1.889,ATPG_090,SCAN_AT_SPEED,NA,0.0144
791,LOT_A001,W001,D0001,0.95,1.8,85,95.098,1.0973,4.191,1.921,ATPG_091,SCAN_AT_SPEED,FREQ_MARGIN,-0.0127
792,LOT_A001,W001,D0001,0.95,1.82,85,97.293,1.0623,4.273,1.955,ATPG_092,SCAN_AT_SPEED,FREQ_MARGIN,-0.053
793,LOT_A001,W001,D0001,0.95,1.84,85,101.723,1.0761,4.22,1.927,ATPG_093,SCAN_AT_SPEED,FREQ_MARGIN,-0.0752
794,LOT_A001,W001,D0001,0.95,1.86,85,99.74,1.0498,4.407,2.006,ATPG_094,SCAN_AT_SPEED,FREQ_MARGIN,-0.0755
795,LOT_A001,W001,D0001,0.95,1.88,85,98.056,1.0987,4.118,1.973,ATPG_095,SCAN_AT_SPEED,FREQ_MARGIN,-0.1091
796,LOT_A001,W001,D0001,0.95,1.9,85,101.811,1.1271,4.19,1.92,ATPG_096,SCAN_AT_SPEED,TIMING,-0.1186
797,LOT_A001,W001,D0001,0.95,1.92,85,104.713,1.1663,3.936,1.975,ATPG_097,SCAN_AT_SPEED,TIMING,-0.1175
798,LOT_A001,W001,D0001,0.95,1.94,85,103.616,1.1083,4.394,1.938,ATPG_098,SCAN_AT_SPEED,TIMING,-0.1995
799,LOT_A001,W001,D0001,0.95,1.96,85,102.632,1.0912,4.218,1.89,ATPG_099,SCAN_AT_SPEED,FREQ_MARGIN,-0.2124
800,LOT_A001,W001,D0001,0.95,1.98,85,100.6,1.1296,4.352,1.991,ATPG_100,SCAN_AT_SPEED,TIMING,-0.2015
801,LOT_A001,W001,D0001,0.96,1,85,62.424,0.7131,4.231,1.745,ATPG_001,SCAN_AT_SPEED,NA,0.796
802,LOT_A001,W001,D0001,0.96,1.02,85,58.472,0.7101,4.087,1.829,ATPG_002,SCAN_AT_SPEED,NA,0.8022
803,LOT_A001,W001,D0001,0.96,1.04,85,61.67,0.7123,4.19,1.804,ATPG_003,SCAN_AT_SPEED,NA,0.7719
804,LOT_A001,W001,D0001,0.96,1.06,85,64.194,0.7511,4.082,1.807,ATPG_004,SCAN_AT_SPEED,NA,0.7411
805,LOT_A001,W001,D0001,0.96,1.08,85,63.357,0.7139,4.278,1.787,ATPG_005,SCAN_AT_SPEED,NA,0.7706
806,LOT_A001,W001,D0001,0.96,1.1,85,65.374,0.7511,4.4,1.85,ATPG_006,SCAN_AT_SPEED,NA,0.7058
807,LOT_A001,W001,D0001,0.96,1.12,85,65.091,0.7437,3.734,1.789,ATPG_007,SCAN_AT_SPEED,NA,0.707
808,LOT_A001,W001,D0001,0.96,1.14,85,69.431,0.769,4.157,1.798,ATPG_008,SCAN_AT_SPEED,NA,0.6887
809,LOT_A001,W001,D0001,0.96,1.16,85,70.739,0.7525,4.205,1.866,ATPG_009,SCAN_AT_SPEED,NA,0.6552
810,LOT_A001,W001,D0001,0.96,1.18,85,71.481,0.8409,4.144,1.848,ATPG_010,SCAN_AT_SPEED,NA,0.624
811,LOT_A001,W001,D0001,0.96,1.2,85,71.406,0.8071,4.189,1.795,ATPG_011,SCAN_AT_SPEED,NA,0.5982
812,LOT_A001,W001,D0001,0.96,1.22,85,74.572,0.8155,4.304,1.83,ATPG_012,SCAN_AT_SPEED,NA,0.5952
813,LOT_A001,W001,D0001,0.96,1.24,85,73.303,0.7989,4.208,1.804,ATPG_013,SCAN_AT_SPEED,NA,0.585
814,LOT_A001,W001,D0001,0.96,1.26,85,74.001,0.83,3.982,1.889,ATPG_014,SCAN_AT_SPEED,NA,0.5401
815,LOT_A001,W001,D0001,0.96,1.28,85,73.251,0.8055,4.138,1.833,ATPG_015,SCAN_AT_SPEED,NA,0.5418
816,LOT_A001,W001,D0001,0.96,1.3,85,74.726,0.8057,4.102,1.842,ATPG_016,SCAN_AT_SPEED,NA,0.5136
817,LOT_A001,W001,D0001,0.96,1.32,85,74.983,0.8806,3.873,1.91,ATPG_017,SCAN_AT_SPEED,NA,0.5029
818,LOT_A001,W001,D0001,0.96,1.34,85,78.647,0.8604,4.331,1.846,ATPG_018,SCAN_AT_SPEED,NA,0.4675
819,LOT_A001,W001,D0001,0.96,1.36,85,80.517,0.8656,4.193,1.914,ATPG_019,SCAN_AT_SPEED,NA,0.4317
820,LOT_A001,W001,D0001,0.96,1.38,85,79.892,0.8656,4.14,1.871,ATPG_020,SCAN_AT_SPEED,NA,0.4129
821,LOT_A001,W001,D0001,0.96,1.4,85,78.278,0.9091,4.293,1.869,ATPG_021,SCAN_AT_SPEED,NA,0.3845
822,LOT_A001,W001,D0001,0.96,1.42,85,80.01,0.9178,4.13,1.885,ATPG_022,SCAN_AT_SPEED,NA,0.3959
823,LOT_A001,W001,D0001,0.96,1.44,85,80.001,0.9301,3.93,1.944,ATPG_023,SCAN_AT_SPEED,NA,0.3921
824,LOT_A001,W001,D0001,0.96,1.46,85,81.823,0.8766,4.092,1.841,ATPG_024,SCAN_AT_SPEED,NA,0.3448
825,LOT_A001,W001,D0001,0.96,1.48,85,82.873,0.9364,4.191,1.899,ATPG_025,SCAN_AT_SPEED,NA,0.3206
826,LOT_A001,W001,D0001,0.96,1.5,85,82.395,0.9602,4.05,1.956,ATPG_026,SCAN_AT_SPEED,NA,0.2918
827,LOT_A001,W001,D0001,0.96,1.52,85,84.844,0.9557,4.351,1.889,ATPG_027,SCAN_AT_SPEED,NA,0.2871
828,LOT_A001,W001,D0001,0.96,1.54,85,85.599,0.9511,4.294,1.897,ATPG_028,SCAN_AT_SPEED,NA,0.2645
829,LOT_A001,W001,D0001,0.96,1.56,85,89.509,0.9605,4.207,1.84,ATPG_029,SCAN_AT_SPEED,NA,0.2627
830,LOT_A001,W001,D0001,0.96,1.58,85,88.119,0.9605,4.083,1.914,ATPG_030,SCAN_AT_SPEED,NA,0.1842
831,LOT_A001,W001,D0001,0.96,1.6,85,90.31,0.9723,4.048,1.948,ATPG_031,SCAN_AT_SPEED,NA,0.2104
832,LOT_A001,W001,D0001,0.96,1.62,85,90.088,0.9708,4.063,1.915,ATPG_032,SCAN_AT_SPEED,NA,0.1876
833,LOT_A001,W001,D0001,0.96,1.64,85,90.864,0.9832,3.885,1.898,ATPG_033,SCAN_AT_SPEED,NA,0.1718
834,LOT_A001,W001,D0001,0.96,1.66,85,90.325,0.9922,4.308,1.89,ATPG_034,SCAN_AT_SPEED,NA,0.1658
835,LOT_A001,W001,D0001,0.96,1.68,85,91.431,0.9965,4.015,1.915,ATPG_035,SCAN_AT_SPEED,NA,0.1037
836,LOT_A001,W001,D0001,0.96,1.7,85,92.563,1.0193,4.432,1.912,ATPG_036,SCAN_AT_SPEED,NA,0.1204
837,LOT_A001,W001,D0001,0.96,1.72,85,92.523,1.0072,4.072,1.91,ATPG_037,SCAN_AT_SPEED,NA,0.0965
838,LOT_A001,W001,D0001,0.96,1.74,85,98.528,1.0181,4.098,1.931,ATPG_038,SCAN_AT_SPEED,NA,0.078
839,LOT_A001,W001,D0001,0.96,1.76,85,95.634,1.0627,3.796,1.841,ATPG_039,SCAN_AT_SPEED,NA,0.0586
840,LOT_A001,W001,D0001,0.96,1.78,85,97.995,1.02,3.709,1.963,ATPG_040,SCAN_AT_SPEED,NA,0.0226
841,LOT_A001,W001,D0001,0.96,1.8,85,94.918,1.0391,4.015,1.948,ATPG_041,SCAN_AT_SPEED,NA,0.0159
842,LOT_A001,W001,D0001,0.96,1.82,85,98.629,1.014,4.031,1.903,ATPG_042,SCAN_AT_SPEED,FREQ_MARGIN,-0.0198
843,LOT_A001,W001,D0001,0.96,1.84,85,97.632,1.0884,3.881,1.953,ATPG_043,SCAN_AT_SPEED,FREQ_MARGIN,-0.0331
844,LOT_A001,W001,D0001,0.96,1.86,85,102.802,1.0739,4.209,1.883,ATPG_044,SCAN_AT_SPEED,FREQ_MARGIN,-0.0384
845,LOT_A001,W001,D0001,0.96,1.88,85,101.841,1.0911,4.337,1.903,ATPG_045,SCAN_AT_SPEED,FREQ_MARGIN,-0.1115
846,LOT_A001,W001,D0001,0.96,1.9,85,104.544,1.1074,4.201,1.962,ATPG_046,SCAN_AT_SPEED,TIMING,-0.0791
847,LOT_A001,W001,D0001,0.96,1.92,85,104.48,1.0974,4.236,1.903,ATPG_047,SCAN_AT_SPEED,FREQ_MARGIN,-0.1368
848,LOT_A001,W001,D0001,0.96,1.94,85,105.483,1.1107,4.378,1.966,ATPG_048,SCAN_AT_SPEED,TIMING,-0.1497
849,LOT_A001,W001,D0001,0.96,1.96,85,105.366,1.115,4.265,1.974,ATPG_049,SCAN_AT_SPEED,TIMING,-0.1816
850,LOT_A001,W001,D0001,0.96,1.98,85,104.916,1.1737,4.234,1.974,ATPG_050,SCAN_AT_SPEED,TIMING,-0.1963
851,LOT_A001,W001,D0001,0.97,1,85,63.139,0.7154,4.051,1.809,ATPG_051,SCAN_AT_SPEED,NA,0.864
852,LOT_A001,W001,D0001,0.97,1.02,85,62.115,0.7458,4.201,1.768,ATPG_052,SCAN_AT_SPEED,NA,0.8433
853,LOT_A001,W001,D0001,0.97,1.04,85,63.964,0.7425,4.171,1.805,ATPG_053,SCAN_AT_SPEED,NA,0.8226
854,LOT_A001,W001,D0001,0.97,1.06,85,65.864,0.7015,4.047,1.848,ATPG_054,SCAN_AT_SPEED,NA,0.7936
855,LOT_A001,W001,D0001,0.97,1.08,85,65.257,0.7215,4.053,1.734,ATPG_055,SCAN_AT_SPEED,NA,0.7623
856,LOT_A001,W001,D0001,0.97,1.1,85,65.983,0.7372,4.205,1.833,ATPG_056,SCAN_AT_SPEED,NA,0.7429
857,LOT_A001,W001,D0001,0.97,1.12,85,65.199,0.7841,4.361,1.79,ATPG_057,SCAN_AT_SPEED,NA,0.7624
858,LOT_A001,W001,D0001,0.97,1.14,85,67.956,0.7751,4.441,1.849,ATPG_058,SCAN_AT_SPEED,NA,0.7083
859,LOT_A001,W001,D0001,0.97,1.16,85,68.865,0.7537,4.184,1.877,ATPG_059,SCAN_AT_SPEED,NA,0.6938
860,LOT_A001,W001,D0001,0.97,1.18,85,68.601,0.7913,4.067,1.801,ATPG_060,SCAN_AT_SPEED,NA,0.6372
861,LOT_A001,W001,D0001,0.97,1.2,85,68.902,0.7801,4.321,1.784,ATPG_061,SCAN_AT_SPEED,NA,0.6371
862,LOT_A001,W001,D0001,0.97,1.22,85,71.086,0.8194,4.185,1.821,ATPG_062,SCAN_AT_SPEED,NA,0.5959
863,LOT_A001,W001,D0001,0.97,1.24,85,69.938,0.8237,4.273,1.827,ATPG_063,SCAN_AT_SPEED,NA,0.6055
864,LOT_A001,W001,D0001,0.97,1.26,85,71.911,0.8437,4.238,1.833,ATPG_064,SCAN_AT_SPEED,NA,0.6028
865,LOT_A001,W001,D0001,0.97,1.28,85,74.607,0.854,4.053,1.82,ATPG_065,SCAN_AT_SPEED,NA,0.5643
866,LOT_A001,W001,D0001,0.97,1.3,85,74.588,0.8568,4.47,1.838,ATPG_066,SCAN_AT_SPEED,NA,0.5633
867,LOT_A001,W001,D0001,0.97,1.32,85,74.443,0.8628,4.245,1.877,ATPG_067,SCAN_AT_SPEED,NA,0.5369
868,LOT_A001,W001,D0001,0.97,1.34,85,74.39,0.8669,3.905,1.849,ATPG_068,SCAN_AT_SPEED,NA,0.4931
869,LOT_A001,W001,D0001,0.97,1.36,85,78.585,0.9015,4.369,1.839,ATPG_069,SCAN_AT_SPEED,NA,0.5016
870,LOT_A001,W001,D0001,0.97,1.38,85,79.015,0.8465,4.074,1.846,ATPG_070,SCAN_AT_SPEED,NA,0.4652
871,LOT_A001,W001,D0001,0.97,1.4,85,80.045,0.8791,3.964,1.888,ATPG_071,SCAN_AT_SPEED,NA,0.408
872,LOT_A001,W001,D0001,0.97,1.42,85,81.229,0.8864,4.304,1.903,ATPG_072,SCAN_AT_SPEED,NA,0.4376
873,LOT_A001,W001,D0001,0.97,1.44,85,80.196,0.9058,4.394,1.855,ATPG_073,SCAN_AT_SPEED,NA,0.4102
874,LOT_A001,W001,D0001,0.97,1.46,85,81.594,0.91,4.114,1.892,ATPG_074,SCAN_AT_SPEED,NA,0.4224
875,LOT_A001,W001,D0001,0.97,1.48,85,82.417,0.8983,4.235,1.926,ATPG_075,SCAN_AT_SPEED,NA,0.3333
876,LOT_A001,W001,D0001,0.97,1.5,85,79.991,0.9634,4.259,1.859,ATPG_076,SCAN_AT_SPEED,NA,0.3563
877,LOT_A001,W001,D0001,0.97,1.52,85,85.437,0.9232,4.245,1.869,ATPG_077,SCAN_AT_SPEED,NA,0.3275
878,LOT_A001,W001,D0001,0.97,1.54,85,84.745,0.918,4.237,1.921,ATPG_078,SCAN_AT_SPEED,NA,0.2974
879,LOT_A001,W001,D0001,0.97,1.56,85,88.316,0.9582,4.135,1.934,ATPG_079,SCAN_AT_SPEED,NA,0.2939
880,LOT_A001,W001,D0001,0.97,1.58,85,86.079,0.9436,4.377,1.942,ATPG_080,SCAN_AT_SPEED,NA,0.2402
881,LOT_A001,W001,D0001,0.97,1.6,85,90.489,0.9538,4.267,1.903,ATPG_081,SCAN_AT_SPEED,NA,0.2535
882,LOT_A001,W001,D0001,0.97,1.62,85,89.213,0.9713,4.296,1.947,ATPG_082,SCAN_AT_SPEED,NA,0.2399
883,LOT_A001,W001,D0001,0.97,1.64,85,90.17,0.9677,3.84,1.923,ATPG_083,SCAN_AT_SPEED,NA,0.1926
884,LOT_A001,W001,D0001,0.97,1.66,85,91.612,0.9603,4.162,1.83,ATPG_084,SCAN_AT_SPEED,NA,0.1956
885,LOT_A001,W001,D0001,0.97,1.68,85,90.045,1.0266,4.357,1.886,ATPG_085,SCAN_AT_SPEED,NA,0.1893
886,LOT_A001,W001,D0001,0.97,1.7,85,93.491,0.9974,4.23,1.907,ATPG_086,SCAN_AT_SPEED,NA,0.1243
887,LOT_A001,W001,D0001,0.97,1.72,85,89.705,1.0253,4.131,1.907,ATPG_087,SCAN_AT_SPEED,NA,0.0926
888,LOT_A001,W001,D0001,0.97,1.74,85,96.692,1.0249,4.164,1.953,ATPG_088,SCAN_AT_SPEED,NA,0.1172
889,LOT_A001,W001,D0001,0.97,1.76,85,95.842,1.0483,4.317,1.859,ATPG_089,SCAN_AT_SPEED,NA,0.0603
890,LOT_A001,W001,D0001,0.97,1.78,85,94.719,1.0488,4.287,2,ATPG_090,SCAN_AT_SPEED,NA,0.051
891,LOT_A001,W001,D0001,0.97,1.8,85,96.264,1.0763,4.259,1.995,ATPG_091,SCAN_AT_SPEED,NA,0.0358
892,LOT_A001,W001,D0001,0.97,1.82,85,95.937,1.0402,3.982,1.974,ATPG_092,SCAN_AT_SPEED,NA,0.0299
893,LOT_A001,W001,D0001,0.97,1.84,85,102.209,1.088,4.389,1.928,ATPG_093,SCAN_AT_SPEED,NA,0.0261
894,LOT_A001,W001,D0001,0.97,1.86,85,101.27,1.0889,4.231,1.97,ATPG_094,SCAN_AT_SPEED,FREQ_MARGIN,-0.0361
895,LOT_A001,W001,D0001,0.97,1.88,85,102.911,1.1133,4.297,1.992,ATPG_095,SCAN_AT_SPEED,TIMING,-0.0295
896,LOT_A001,W001,D0001,0.97,1.9,85,100.63,1.1122,4.006,2.004,ATPG_096,SCAN_AT_SPEED,TIMING,-0.0461
897,LOT_A001,W001,D0001,0.97,1.92,85,102.834,1.092,4.298,1.964,ATPG_097,SCAN_AT_SPEED,FREQ_MARGIN,-0.0968
898,LOT_A001,W001,D0001,0.97,1.94,85,103.937,1.1054,4.347,1.969,ATPG_098,SCAN_AT_SPEED,TIMING,-0.124
899,LOT_A001,W001,D0001,0.97,1.96,85,102.316,1.1138,4.146,2.007,ATPG_099,SCAN_AT_SPEED,TIMING,-0.1082
900,LOT_A001,W001,D0001,0.97,1.98,85,103.451,1.1524,3.89,1.929,ATPG_100,SCAN_AT_SPEED,TIMING,-0.1051
901,LOT_A001,W001,D0001,0.98,1,85,60.605,0.6819,4.332,1.791,ATPG_001,SCAN_AT_SPEED,NA,0.8602
902,LOT_A001,W001,D0001,0.98,1.02,85,65.143,0.7238,4.369,1.801,ATPG_002,SCAN_AT_SPEED,NA,0.8643
903,LOT_A001,W001,D0001,0.98,1.04,85,66.664,0.717,4.13,1.8,ATPG_003,SCAN_AT_SPEED,NA,0.8161
904,LOT_A001,W001,D0001,0.98,1.06,85,64.869,0.7424,4.322,1.775,ATPG_004,SCAN_AT_SPEED,NA,0.801
905,LOT_A001,W001,D0001,0.98,1.08,85,68.414,0.7537,4.581,1.862,ATPG_005,SCAN_AT_SPEED,NA,0.7887
906,LOT_A001,W001,D0001,0.98,1.1,85,64.842,0.7671,4.262,1.796,ATPG_006,SCAN_AT_SPEED,NA,0.7981
907,LOT_A001,W001,D0001,0.98,1.12,85,69.901,0.771,4.138,1.851,ATPG_007,SCAN_AT_SPEED,NA,0.7605
908,LOT_A001,W001,D0001,0.98,1.14,85,69.45,0.7651,4.237,1.856,ATPG_008,SCAN_AT_SPEED,NA,0.726
909,LOT_A001,W001,D0001,0.98,1.16,85,73.421,0.7464,4.18,1.844,ATPG_009,SCAN_AT_SPEED,NA,0.6988
910,LOT_A001,W001,D0001,0.98,1.18,85,70.599,0.7868,4.332,1.823,ATPG_010,SCAN_AT_SPEED,NA,0.708
911,LOT_A001,W001,D0001,0.98,1.2,85,73.151,0.8121,4.125,1.833,ATPG_011,SCAN_AT_SPEED,NA,0.7026
912,LOT_A001,W001,D0001,0.98,1.22,85,70.69,0.8115,4.189,1.866,ATPG_012,SCAN_AT_SPEED,NA,0.6521
913,LOT_A001,W001,D0001,0.98,1.24,85,76.454,0.7975,4.303,1.875,ATPG_013,SCAN_AT_SPEED,NA,0.6182
914,LOT_A001,W001,D0001,0.98,1.26,85,75.754,0.8001,4.488,1.847,ATPG_014,SCAN_AT_SPEED,NA,0.6072
915,LOT_A001,W001,D0001,0.98,1.28,85,74.541,0.8454,4.182,1.82,ATPG_015,SCAN_AT_SPEED,NA,0.5867
916,LOT_A001,W001,D0001,0.98,1.3,85,73.821,0.8722,4.185,1.887,ATPG_016,SCAN_AT_SPEED,NA,0.5735
917,LOT_A001,W001,D0001,0.98,1.32,85,75.028,0.8479,4.388,1.85,ATPG_017,SCAN_AT_SPEED,NA,0.5613
918,LOT_A001,W001,D0001,0.98,1.34,85,79.499,0.8731,4.201,1.818,ATPG_018,SCAN_AT_SPEED,NA,0.559
919,LOT_A001,W001,D0001,0.98,1.36,85,78.873,0.875,3.944,1.864,ATPG_019,SCAN_AT_SPEED,NA,0.5064
920,LOT_A001,W001,D0001,0.98,1.38,85,78.88,0.897,4.333,1.921,ATPG_020,SCAN_AT_SPEED,NA,0.5003
921,LOT_A001,W001,D0001,0.98,1.4,85,81.927,0.9118,4.467,1.828,ATPG_021,SCAN_AT_SPEED,NA,0.4736
922,LOT_A001,W001,D0001,0.98,1.42,85,80.479,0.8998,4.373,1.842,ATPG_022,SCAN_AT_SPEED,NA,0.4529
923,LOT_A001,W001,D0001,0.98,1.44,85,78.324,0.9256,4.193,1.881,ATPG_023,SCAN_AT_SPEED,NA,0.4387
924,LOT_A001,W001,D0001,0.98,1.46,85,84.883,0.8571,4.268,1.879,ATPG_024,SCAN_AT_SPEED,NA,0.4119
925,LOT_A001,W001,D0001,0.98,1.48,85,86.787,0.9008,4.386,1.901,ATPG_025,SCAN_AT_SPEED,NA,0.3893
926,LOT_A001,W001,D0001,0.98,1.5,85,83.339,0.9122,4.434,1.907,ATPG_026,SCAN_AT_SPEED,NA,0.4002
927,LOT_A001,W001,D0001,0.98,1.52,85,84.429,0.941,4.396,1.866,ATPG_027,SCAN_AT_SPEED,NA,0.3297
928,LOT_A001,W001,D0001,0.98,1.54,85,87.202,0.9206,3.967,1.784,ATPG_028,SCAN_AT_SPEED,NA,0.285
929,LOT_A001,W001,D0001,0.98,1.56,85,87.352,0.9471,4.478,1.926,ATPG_029,SCAN_AT_SPEED,NA,0.3321
930,LOT_A001,W001,D0001,0.98,1.58,85,85.473,0.9592,4.027,1.895,ATPG_030,SCAN_AT_SPEED,NA,0.3266
931,LOT_A001,W001,D0001,0.98,1.6,85,89.968,0.9692,4.364,1.936,ATPG_031,SCAN_AT_SPEED,NA,0.273
932,LOT_A001,W001,D0001,0.98,1.62,85,89.132,0.9601,4.307,1.88,ATPG_032,SCAN_AT_SPEED,NA,0.2963
933,LOT_A001,W001,D0001,0.98,1.64,85,90.05,0.9754,4.199,1.944,ATPG_033,SCAN_AT_SPEED,NA,0.2642
934,LOT_A001,W001,D0001,0.98,1.66,85,90.265,1.0242,4.142,1.92,ATPG_034,SCAN_AT_SPEED,NA,0.2146
935,LOT_A001,W001,D0001,0.98,1.68,85,89.344,1.0114,4.112,1.955,ATPG_035,SCAN_AT_SPEED,NA,0.2092
936,LOT_A001,W001,D0001,0.98,1.7,85,94.387,1.0313,4.399,1.936,ATPG_036,SCAN_AT_SPEED,NA,0.1602
937,LOT_A001,W001,D0001,0.98,1.72,85,92.962,1.0465,4.165,1.888,ATPG_037,SCAN_AT_SPEED,NA,0.1533
938,LOT_A001,W001,D0001,0.98,1.74,85,93.427,1.0115,4.053,1.914,ATPG_038,SCAN_AT_SPEED,NA,0.1495
939,LOT_A001,W001,D0001,0.98,1.76,85,96.158,1.0543,4.349,1.929,ATPG_039,SCAN_AT_SPEED,NA,0.116
940,LOT_A001,W001,D0001,0.98,1.78,85,97.498,1.0687,4.289,1.922,ATPG_040,SCAN_AT_SPEED,NA,0.0939
941,LOT_A001,W001,D0001,0.98,1.8,85,94.839,1.0664,4.357,1.967,ATPG_041,SCAN_AT_SPEED,NA,0.0596
942,LOT_A001,W001,D0001,0.98,1.82,85,100.832,1.0543,4.413,1.946,ATPG_042,SCAN_AT_SPEED,NA,0.0552
943,LOT_A001,W001,D0001,0.98,1.84,85,100.227,1.079,4.324,1.954,ATPG_043,SCAN_AT_SPEED,NA,0.0265
944,LOT_A001,W001,D0001,0.98,1.86,85,104.319,1.1015,4.378,1.959,ATPG_044,SCAN_AT_SPEED,NA,0.0168
945,LOT_A001,W001,D0001,0.98,1.88,85,101.812,1.0893,4.224,1.955,ATPG_045,SCAN_AT_SPEED,NA,0.0156
946,LOT_A001,W001,D0001,0.98,1.9,85,102.119,1.0886,4.509,1.963,ATPG_046,SCAN_AT_SPEED,FREQ_MARGIN,-0.0796
947,LOT_A001,W001,D0001,0.98,1.92,85,102.51,1.0872,4.341,1.977,ATPG_047,SCAN_AT_SPEED,FREQ_MARGIN,-0.0639
948,LOT_A001,W001,D0001,0.98,1.94,85,102.036,1.1152,4.065,1.997,ATPG_048,SCAN_AT_SPEED,TIMING,-0.0453
949,LOT_A001,W001,D0001,0.98,1.96,85,105.212,1.1232,4.332,2.037,ATPG_049,SCAN_AT_SPEED,TIMING,-0.0732
950,LOT_A001,W001,D0001,0.98,1.98,85,105.43,1.1122,4.14,1.98,ATPG_050,SCAN_AT_SPEED,TIMING,-0.1077
951,LOT_A001,W001,D0001,0.99,1,85,62.859,0.705,4.264,1.779,ATPG_051,SCAN_AT_SPEED,NA,0.9298
952,LOT_A001,W001,D0001,0.99,1.02,85,61.485,0.7409,4.225,1.832,ATPG_052,SCAN_AT_SPEED,NA,0.8952
953,LOT_A001,W001,D0001,0.99,1.04,85,66.244,0.7385,4.383,1.767,ATPG_053,SCAN_AT_SPEED,NA,0.8471
954,LOT_A001,W001,D0001,0.99,1.06,85,63.77,0.7305,4.479,1.843,ATPG_054,SCAN_AT_SPEED,NA,0.8544
955,LOT_A001,W001,D0001,0.99,1.08,85,65.005,0.7552,4.328,1.722,ATPG_055,SCAN_AT_SPEED,NA,0.8302
956,LOT_A001,W001,D0001,0.99,1.1,85,67.576,0.7738,4.161,1.691,ATPG_056,SCAN_AT_SPEED,NA,0.824
957,LOT_A001,W001,D0001,0.99,1.12,85,69.005,0.7304,4.178,1.932,ATPG_057,SCAN_AT_SPEED,NA,0.7949
958,LOT_A001,W001,D0001,0.99,1.14,85,70.656,0.7577,4.011,1.818,ATPG_058,SCAN_AT_SPEED,NA,0.7644
959,LOT_A001,W001,D0001,0.99,1.16,85,69.48,0.7759,4.365,1.823,ATPG_059,SCAN_AT_SPEED,NA,0.7451
960,LOT_A001,W001,D0001,0.99,1.18,85,71.935,0.7515,4.017,1.862,ATPG_060,SCAN_AT_SPEED,NA,0.7072
961,LOT_A001,W001,D0001,0.99,1.2,85,71.817,0.7701,4.219,1.825,ATPG_061,SCAN_AT_SPEED,NA,0.719
962,LOT_A001,W001,D0001,0.99,1.22,85,71.45,0.8155,4.539,1.823,ATPG_062,SCAN_AT_SPEED,NA,0.6612
963,LOT_A001,W001,D0001,0.99,1.24,85,70.195,0.8243,4.204,1.855,ATPG_063,SCAN_AT_SPEED,NA,0.6835
964,LOT_A001,W001,D0001,0.99,1.26,85,76.877,0.8053,4.419,1.836,ATPG_064,SCAN_AT_SPEED,NA,0.6455
965,LOT_A001,W001,D0001,0.99,1.28,85,75.029,0.8144,4.323,1.848,ATPG_065,SCAN_AT_SPEED,NA,0.6271
966,LOT_A001,W001,D0001,0.99,1.3,85,76.372,0.8526,4.464,1.812,ATPG_066,SCAN_AT_SPEED,NA,0.6143
967,LOT_A001,W001,D0001,0.99,1.32,85,74.945,0.8574,4.418,1.781,ATPG_067,SCAN_AT_SPEED,NA,0.6056
968,LOT_A001,W001,D0001,0.99,1.34,85,77.097,0.8417,4.528,1.835,ATPG_068,SCAN_AT_SPEED,NA,0.5716
969,LOT_A001,W001,D0001,0.99,1.36,85,78.936,0.8763,4.304,1.911,ATPG_069,SCAN_AT_SPEED,NA,0.5354
970,LOT_A001,W001,D0001,0.99,1.38,85,75.739,0.8631,4.241,1.888,ATPG_070,SCAN_AT_SPEED,NA,0.5395
971,LOT_A001,W001,D0001,0.99,1.4,85,85.108,0.8908,4.347,1.919,ATPG_071,SCAN_AT_SPEED,NA,0.4627
972,LOT_A001,W001,D0001,0.99,1.42,85,82.947,0.9069,4.345,1.87,ATPG_072,SCAN_AT_SPEED,NA,0.5321
973,LOT_A001,W001,D0001,0.99,1.44,85,80.753,0.886,4.122,1.876,ATPG_073,SCAN_AT_SPEED,NA,0.4614
974,LOT_A001,W001,D0001,0.99,1.46,85,83.444,0.9063,4.347,1.862,ATPG_074,SCAN_AT_SPEED,NA,0.4196
975,LOT_A001,W001,D0001,0.99,1.48,85,86.408,0.8932,4.36,1.862,ATPG_075,SCAN_AT_SPEED,NA,0.4853
976,LOT_A001,W001,D0001,0.99,1.5,85,82.408,0.932,4.223,1.929,ATPG_076,SCAN_AT_SPEED,NA,0.3917
977,LOT_A001,W001,D0001,0.99,1.52,85,88.153,0.9175,4.396,1.919,ATPG_077,SCAN_AT_SPEED,NA,0.4078
978,LOT_A001,W001,D0001,0.99,1.54,85,85.151,0.9704,4.359,1.923,ATPG_078,SCAN_AT_SPEED,NA,0.3614
979,LOT_A001,W001,D0001,0.99,1.56,85,85.205,0.9397,4.306,1.858,ATPG_079,SCAN_AT_SPEED,NA,0.3351
980,LOT_A001,W001,D0001,0.99,1.58,85,85.221,0.9384,4.426,1.929,ATPG_080,SCAN_AT_SPEED,NA,0.3297
981,LOT_A001,W001,D0001,0.99,1.6,85,87.288,0.9487,4.269,1.934,ATPG_081,SCAN_AT_SPEED,NA,0.3029
982,LOT_A001,W001,D0001,0.99,1.62,85,89.086,0.955,4.365,1.879,ATPG_082,SCAN_AT_SPEED,NA,0.3066
983,LOT_A001,W001,D0001,0.99,1.64,85,93.225,0.9993,4.349,1.864,ATPG_083,SCAN_AT_SPEED,NA,0.2606
984,LOT_A001,W001,D0001,0.99,1.66,85,93.613,0.9862,4.528,1.971,ATPG_084,SCAN_AT_SPEED,NA,0.2537
985,LOT_A001,W001,D0001,0.99,1.68,85,93.109,1.0122,4.537,1.94,ATPG_085,SCAN_AT_SPEED,NA,0.2599
986,LOT_A001,W001,D0001,0.99,1.7,85,92.613,1.0145,4.131,1.92,ATPG_086,SCAN_AT_SPEED,NA,0.2009
987,LOT_A001,W001,D0001,0.99,1.72,85,90.336,1.0464,4.493,1.911,ATPG_087,SCAN_AT_SPEED,NA,0.2097
988,LOT_A001,W001,D0001,0.99,1.74,85,95.146,1.0495,4.472,1.877,ATPG_088,SCAN_AT_SPEED,NA,0.1797
989,LOT_A001,W001,D0001,0.99,1.76,85,95.63,1.0375,4.216,2.007,ATPG_089,SCAN_AT_SPEED,NA,0.1605
990,LOT_A001,W001,D0001,0.99,1.78,85,95.528,1.0206,4.267,1.958,ATPG_090,SCAN_AT_SPEED,NA,0.1486
991,LOT_A001,W001,D0001,0.99,1.8,85,99.976,1.0674,4.47,1.957,ATPG_091,SCAN_AT_SPEED,NA,0.1142
992,LOT_A001,W001,D0001,0.99,1.82,85,98.228,1.0809,4.317,1.968,ATPG_092,SCAN_AT_SPEED,NA,0.0649
993,LOT_A001,W001,D0001,0.99,1.84,85,97.586,1.0682,4.371,1.925,ATPG_093,SCAN_AT_SPEED,NA,0.0642
994,LOT_A001,W001,D0001,0.99,1.86,85,98.609,1.0991,4.281,2.013,ATPG_094,SCAN_AT_SPEED,NA,0.0457
995,LOT_A001,W001,D0001,0.99,1.88,85,101.014,1.0694,4.012,1.9,ATPG_095,SCAN_AT_SPEED,NA,0.0574
996,LOT_A001,W001,D0001,0.99,1.9,85,104.501,1.0983,4.383,1.873,ATPG_096,SCAN_AT_SPEED,FREQ_MARGIN,-0.0148
997,LOT_A001,W001,D0001,0.99,1.92,85,104.477,1.11,4.303,1.988,ATPG_097,SCAN_AT_SPEED,TIMING,-0.0316
998,LOT_A001,W001,D0001,0.99,1.94,85,103.342,1.1146,4.354,2.065,ATPG_098,SCAN_AT_SPEED,TIMING,-0.0006
999,LOT_A001,W001,D0001,0.99,1.96,85,105.83,1.1199,4.41,1.947,ATPG_099,SCAN_AT_SPEED,TIMING,-0.0879
1000,LOT_A001,W001,D0001,0.99,1.98,85,106.741,1.1866,4.446,1.942,ATPG_100,SCAN_AT_SPEED,TIMING,-0.071
