domain,parameter,test_id,candidate_limit,current_limit,direction,unit,source_status,candidate_delta,candidate_delta_percent,tighten_or_loosen,total_dies,good_dies,violating_dies,simulated_yield,simulated_fail_rate,violation_rate,borderline_rate,risky_rate,false_fail_proxy,defective_proxy,objective_score,feasible,selection_status,die_policy,scope,notes
core,ir_drop,T_IR_DROP_MV,20.0,25.0,UPPER,mV,SOURCE_CONFIRMED,-5.0,-20.0,TIGHTER,24,0,24,0.0,1.0,1.0,0.0,0.0,0.041666666666666664,0.0,-0.0062499999999999995,True,,ANY_VIOLATION,independent,simulated_metric_yield ≠ source yield; borderline/risky are limit-proximity proxies (not reliability); defective_proxy = source_FAIL accepted (analysis only; default weight 0)
core,ir_drop,T_IR_DROP_MV,21.0,25.0,UPPER,mV,SOURCE_CONFIRMED,-4.0,-16.0,TIGHTER,24,0,24,0.0,1.0,1.0,0.0,0.0,0.041666666666666664,0.0,-0.0062499999999999995,True,,ANY_VIOLATION,independent,simulated_metric_yield ≠ source yield; borderline/risky are limit-proximity proxies (not reliability); defective_proxy = source_FAIL accepted (analysis only; default weight 0)
core,ir_drop,T_IR_DROP_MV,22.0,25.0,UPPER,mV,SOURCE_CONFIRMED,-3.0,-12.0,TIGHTER,24,0,24,0.0,1.0,1.0,0.0,0.0,0.041666666666666664,0.0,-0.0062499999999999995,True,,ANY_VIOLATION,independent,simulated_metric_yield ≠ source yield; borderline/risky are limit-proximity proxies (not reliability); defective_proxy = source_FAIL accepted (analysis only; default weight 0)
core,ir_drop,T_IR_DROP_MV,23.0,25.0,UPPER,mV,SOURCE_CONFIRMED,-2.0,-8.0,TIGHTER,24,0,24,0.0,1.0,1.0,0.0,0.0,0.041666666666666664,0.0,-0.0062499999999999995,True,,ANY_VIOLATION,independent,simulated_metric_yield ≠ source yield; borderline/risky are limit-proximity proxies (not reliability); defective_proxy = source_FAIL accepted (analysis only; default weight 0)
core,ir_drop,T_IR_DROP_MV,24.0,25.0,UPPER,mV,SOURCE_CONFIRMED,-1.0,-4.0,TIGHTER,24,0,24,0.0,1.0,1.0,0.0,0.0,0.041666666666666664,0.0,-0.0062499999999999995,True,,ANY_VIOLATION,independent,simulated_metric_yield ≠ source yield; borderline/risky are limit-proximity proxies (not reliability); defective_proxy = source_FAIL accepted (analysis only; default weight 0)
core,ir_drop,T_IR_DROP_MV,25.0,25.0,UPPER,mV,SOURCE_CONFIRMED,0.0,0.0,CURRENT,24,2,22,0.08333333333333333,0.9166666666666666,0.9166666666666666,0.08333333333333333,1.0,0.0,0.041666666666666664,0.016666666666666663,True,,ANY_VIOLATION,independent,simulated_metric_yield ≠ source yield; borderline/risky are limit-proximity proxies (not reliability); defective_proxy = source_FAIL accepted (analysis only; default weight 0)
core,ir_drop,T_IR_DROP_MV,26.0,25.0,UPPER,mV,SOURCE_CONFIRMED,1.0,4.0,LOOSER,24,5,19,0.20833333333333334,0.7916666666666666,0.7916666666666666,0.16666666666666666,0.8,0.0,0.16666666666666666,0.07500000000000001,True,,ANY_VIOLATION,independent,simulated_metric_yield ≠ source yield; borderline/risky are limit-proximity proxies (not reliability); defective_proxy = source_FAIL accepted (analysis only; default weight 0)
core,ir_drop,T_IR_DROP_MV,27.0,25.0,UPPER,mV,SOURCE_CONFIRMED,2.0,8.0,LOOSER,24,7,17,0.2916666666666667,0.7083333333333334,0.7083333333333334,0.125,0.42857142857142855,0.0,0.25,0.19166666666666668,True,,ANY_VIOLATION,independent,simulated_metric_yield ≠ source yield; borderline/risky are limit-proximity proxies (not reliability); defective_proxy = source_FAIL accepted (analysis only; default weight 0)
core,ir_drop,T_IR_DROP_MV,28.0,25.0,UPPER,mV,SOURCE_CONFIRMED,3.0,12.0,LOOSER,24,10,14,0.4166666666666667,0.5833333333333334,0.5833333333333334,0.20833333333333334,0.5,0.0,0.375,0.25,True,,ANY_VIOLATION,independent,simulated_metric_yield ≠ source yield; borderline/risky are limit-proximity proxies (not reliability); defective_proxy = source_FAIL accepted (analysis only; default weight 0)
core,ir_drop,T_IR_DROP_MV,29.0,25.0,UPPER,mV,SOURCE_CONFIRMED,4.0,16.0,LOOSER,24,15,9,0.625,0.375,0.375,0.25,0.4,0.0,0.5833333333333334,0.425,True,,ANY_VIOLATION,independent,simulated_metric_yield ≠ source yield; borderline/risky are limit-proximity proxies (not reliability); defective_proxy = source_FAIL accepted (analysis only; default weight 0)
core,ir_drop,T_IR_DROP_MV,30.0,25.0,UPPER,mV,SOURCE_CONFIRMED,5.0,20.0,LOOSER,24,17,7,0.7083333333333334,0.2916666666666667,0.2916666666666667,0.20833333333333334,0.29411764705882354,0.0,0.6666666666666666,0.5416666666666667,True,,ANY_VIOLATION,independent,simulated_metric_yield ≠ source yield; borderline/risky are limit-proximity proxies (not reliability); defective_proxy = source_FAIL accepted (analysis only; default weight 0)
core,ir_drop,T_IR_DROP_MV,35.0,25.0,UPPER,mV,SOURCE_CONFIRMED,10.0,40.0,LOOSER,24,23,1,0.9583333333333334,0.041666666666666664,0.041666666666666664,0.041666666666666664,0.043478260869565216,0.0,0.9166666666666666,0.925,True,,ANY_VIOLATION,independent,simulated_metric_yield ≠ source yield; borderline/risky are limit-proximity proxies (not reliability); defective_proxy = source_FAIL accepted (analysis only; default weight 0)
core,ir_drop,T_IR_DROP_MV,40.0,25.0,UPPER,mV,SOURCE_CONFIRMED,15.0,60.0,LOOSER,24,24,0,1.0,0.0,0.0,0.0,0.0,0.0,0.9583333333333334,1.0,True,,ANY_VIOLATION,independent,simulated_metric_yield ≠ source yield; borderline/risky are limit-proximity proxies (not reliability); defective_proxy = source_FAIL accepted (analysis only; default weight 0)
core,ir_drop,T_IR_DROP_MV,45.0,25.0,UPPER,mV,SOURCE_CONFIRMED,20.0,80.0,LOOSER,24,24,0,1.0,0.0,0.0,0.0,0.0,0.0,0.9583333333333334,1.0,True,,ANY_VIOLATION,independent,simulated_metric_yield ≠ source yield; borderline/risky are limit-proximity proxies (not reliability); defective_proxy = source_FAIL accepted (analysis only; default weight 0)
core,ir_drop,T_IR_DROP_MV,50.0,25.0,UPPER,mV,SOURCE_CONFIRMED,25.0,100.0,LOOSER,24,24,0,1.0,0.0,0.0,0.0,0.0,0.0,0.9583333333333334,1.0,True,,ANY_VIOLATION,independent,simulated_metric_yield ≠ source yield; borderline/risky are limit-proximity proxies (not reliability); defective_proxy = source_FAIL accepted (analysis only; default weight 0)
core,ir_drop,T_IR_DROP_MV,55.0,25.0,UPPER,mV,SOURCE_CONFIRMED,30.0,120.0,LOOSER,24,24,0,1.0,0.0,0.0,0.0,0.0,0.0,0.9583333333333334,1.0,True,,ANY_VIOLATION,independent,simulated_metric_yield ≠ source yield; borderline/risky are limit-proximity proxies (not reliability); defective_proxy = source_FAIL accepted (analysis only; default weight 0)
core,ir_drop,T_IR_DROP_MV,60.0,25.0,UPPER,mV,SOURCE_CONFIRMED,35.0,140.0,LOOSER,24,24,0,1.0,0.0,0.0,0.0,0.0,0.0,0.9583333333333334,1.0,True,,ANY_VIOLATION,independent,simulated_metric_yield ≠ source yield; borderline/risky are limit-proximity proxies (not reliability); defective_proxy = source_FAIL accepted (analysis only; default weight 0)
core,ir_drop,T_IR_DROP_MV,65.0,25.0,UPPER,mV,SOURCE_CONFIRMED,40.0,160.0,LOOSER,24,24,0,1.0,0.0,0.0,0.0,0.0,0.0,0.9583333333333334,1.0,True,,ANY_VIOLATION,independent,simulated_metric_yield ≠ source yield; borderline/risky are limit-proximity proxies (not reliability); defective_proxy = source_FAIL accepted (analysis only; default weight 0)
core,ir_drop,T_IR_DROP_MV,70.0,25.0,UPPER,mV,SOURCE_CONFIRMED,45.0,180.0,LOOSER,24,24,0,1.0,0.0,0.0,0.0,0.0,0.0,0.9583333333333334,1.0,True,,ANY_VIOLATION,independent,simulated_metric_yield ≠ source yield; borderline/risky are limit-proximity proxies (not reliability); defective_proxy = source_FAIL accepted (analysis only; default weight 0)
core,ir_drop,T_IR_DROP_MV,72.0,25.0,UPPER,mV,SOURCE_CONFIRMED,47.0,188.0,LOOSER,24,24,0,1.0,0.0,0.0,0.0,0.0,0.0,0.9583333333333334,1.0,True,,ANY_VIOLATION,independent,simulated_metric_yield ≠ source yield; borderline/risky are limit-proximity proxies (not reliability); defective_proxy = source_FAIL accepted (analysis only; default weight 0)
core,thermal,T_THERMAL_C,50.0,60.0,UPPER,°C,SOURCE_CONFIRMED,-10.0,-16.666666666666668,TIGHTER,24,0,24,0.0,1.0,1.0,0.0,0.0,0.041666666666666664,0.0,-0.0062499999999999995,True,,ANY_VIOLATION,independent,simulated_metric_yield ≠ source yield; borderline/risky are limit-proximity proxies (not reliability); defective_proxy = source_FAIL accepted (analysis only; default weight 0)
core,thermal,T_THERMAL_C,52.0,60.0,UPPER,°C,SOURCE_CONFIRMED,-8.0,-13.333333333333334,TIGHTER,24,0,24,0.0,1.0,1.0,0.0,0.0,0.041666666666666664,0.0,-0.0062499999999999995,True,,ANY_VIOLATION,independent,simulated_metric_yield ≠ source yield; borderline/risky are limit-proximity proxies (not reliability); defective_proxy = source_FAIL accepted (analysis only; default weight 0)
core,thermal,T_THERMAL_C,54.0,60.0,UPPER,°C,SOURCE_CONFIRMED,-6.0,-10.0,TIGHTER,24,0,24,0.0,1.0,1.0,0.0,0.0,0.041666666666666664,0.0,-0.0062499999999999995,True,,ANY_VIOLATION,independent,simulated_metric_yield ≠ source yield; borderline/risky are limit-proximity proxies (not reliability); defective_proxy = source_FAIL accepted (analysis only; default weight 0)
core,thermal,T_THERMAL_C,56.0,60.0,UPPER,°C,SOURCE_CONFIRMED,-4.0,-6.666666666666667,TIGHTER,24,0,24,0.0,1.0,1.0,0.0,0.0,0.041666666666666664,0.0,-0.0062499999999999995,True,,ANY_VIOLATION,independent,simulated_metric_yield ≠ source yield; borderline/risky are limit-proximity proxies (not reliability); defective_proxy = source_FAIL accepted (analysis only; default weight 0)
core,thermal,T_THERMAL_C,58.0,60.0,UPPER,°C,SOURCE_CONFIRMED,-2.0,-3.3333333333333335,TIGHTER,24,3,21,0.125,0.875,0.875,0.125,1.0,0.041666666666666664,0.125,0.018749999999999996,True,,ANY_VIOLATION,independent,simulated_metric_yield ≠ source yield; borderline/risky are limit-proximity proxies (not reliability); defective_proxy = source_FAIL accepted (analysis only; default weight 0)
core,thermal,T_THERMAL_C,60.0,60.0,UPPER,°C,SOURCE_CONFIRMED,0.0,0.0,CURRENT,24,6,18,0.25,0.75,0.75,0.25,1.0,0.0,0.20833333333333334,0.04999999999999999,True,,ANY_VIOLATION,independent,simulated_metric_yield ≠ source yield; borderline/risky are limit-proximity proxies (not reliability); defective_proxy = source_FAIL accepted (analysis only; default weight 0)
core,thermal,T_THERMAL_C,61.0,60.0,UPPER,°C,SOURCE_CONFIRMED,1.0,1.6666666666666667,LOOSER,24,9,15,0.375,0.625,0.625,0.25,0.6666666666666666,0.0,0.3333333333333333,0.175,True,,ANY_VIOLATION,independent,simulated_metric_yield ≠ source yield; borderline/risky are limit-proximity proxies (not reliability); defective_proxy = source_FAIL accepted (analysis only; default weight 0)
core,thermal,T_THERMAL_C,62.0,60.0,UPPER,°C,SOURCE_CONFIRMED,2.0,3.3333333333333335,LOOSER,24,14,10,0.5833333333333334,0.4166666666666667,0.4166666666666667,0.4583333333333333,0.7857142857142857,0.0,0.5416666666666666,0.21666666666666667,True,,ANY_VIOLATION,independent,simulated_metric_yield ≠ source yield; borderline/risky are limit-proximity proxies (not reliability); defective_proxy = source_FAIL accepted (analysis only; default weight 0)
core,thermal,T_THERMAL_C,63.0,60.0,UPPER,°C,SOURCE_CONFIRMED,3.0,5.0,LOOSER,24,18,6,0.75,0.25,0.25,0.5,0.6666666666666666,0.0,0.7083333333333334,0.35,True,,ANY_VIOLATION,independent,simulated_metric_yield ≠ source yield; borderline/risky are limit-proximity proxies (not reliability); defective_proxy = source_FAIL accepted (analysis only; default weight 0)
core,thermal,T_THERMAL_C,64.0,60.0,UPPER,°C,SOURCE_CONFIRMED,4.0,6.666666666666667,LOOSER,24,21,3,0.875,0.125,0.125,0.5,0.5714285714285714,0.0,0.8333333333333334,0.475,True,,ANY_VIOLATION,independent,simulated_metric_yield ≠ source yield; borderline/risky are limit-proximity proxies (not reliability); defective_proxy = source_FAIL accepted (analysis only; default weight 0)
core,thermal,T_THERMAL_C,65.0,60.0,UPPER,°C,SOURCE_CONFIRMED,5.0,8.333333333333334,LOOSER,24,21,3,0.875,0.125,0.125,0.2916666666666667,0.3333333333333333,0.0,0.8333333333333334,0.6416666666666666,True,,ANY_VIOLATION,independent,simulated_metric_yield ≠ source yield; borderline/risky are limit-proximity proxies (not reliability); defective_proxy = source_FAIL accepted (analysis only; default weight 0)
core,thermal,T_THERMAL_C,70.0,60.0,UPPER,°C,SOURCE_CONFIRMED,10.0,16.666666666666668,LOOSER,24,23,1,0.9583333333333334,0.041666666666666664,0.041666666666666664,0.0,0.0,0.0,0.9166666666666666,0.9583333333333334,True,,ANY_VIOLATION,independent,simulated_metric_yield ≠ source yield; borderline/risky are limit-proximity proxies (not reliability); defective_proxy = source_FAIL accepted (analysis only; default weight 0)
core,thermal,T_THERMAL_C,75.0,60.0,UPPER,°C,SOURCE_CONFIRMED,15.0,25.0,LOOSER,24,24,0,1.0,0.0,0.0,0.0,0.0,0.0,0.9583333333333334,1.0,True,,ANY_VIOLATION,independent,simulated_metric_yield ≠ source yield; borderline/risky are limit-proximity proxies (not reliability); defective_proxy = source_FAIL accepted (analysis only; default weight 0)
core,thermal,T_THERMAL_C,80.0,60.0,UPPER,°C,SOURCE_CONFIRMED,20.0,33.333333333333336,LOOSER,24,24,0,1.0,0.0,0.0,0.0,0.0,0.0,0.9583333333333334,1.0,True,,ANY_VIOLATION,independent,simulated_metric_yield ≠ source yield; borderline/risky are limit-proximity proxies (not reliability); defective_proxy = source_FAIL accepted (analysis only; default weight 0)
core,thermal,T_THERMAL_C,85.0,60.0,UPPER,°C,SOURCE_CONFIRMED,25.0,41.666666666666664,LOOSER,24,24,0,1.0,0.0,0.0,0.0,0.0,0.0,0.9583333333333334,1.0,True,,ANY_VIOLATION,independent,simulated_metric_yield ≠ source yield; borderline/risky are limit-proximity proxies (not reliability); defective_proxy = source_FAIL accepted (analysis only; default weight 0)
core,thermal,T_THERMAL_C,90.0,60.0,UPPER,°C,SOURCE_CONFIRMED,30.0,50.0,LOOSER,24,24,0,1.0,0.0,0.0,0.0,0.0,0.0,0.9583333333333334,1.0,True,,ANY_VIOLATION,independent,simulated_metric_yield ≠ source yield; borderline/risky are limit-proximity proxies (not reliability); defective_proxy = source_FAIL accepted (analysis only; default weight 0)
core,thermal,T_THERMAL_C,92.0,60.0,UPPER,°C,SOURCE_CONFIRMED,32.0,53.333333333333336,LOOSER,24,24,0,1.0,0.0,0.0,0.0,0.0,0.0,0.9583333333333334,1.0,True,,ANY_VIOLATION,independent,simulated_metric_yield ≠ source yield; borderline/risky are limit-proximity proxies (not reliability); defective_proxy = source_FAIL accepted (analysis only; default weight 0)
